{
	"credit": "Made with Blockbench",
	"ambientocclusion": false,
	"textures": {
		"0": "block/allium",
		"particle": "block/allium"
	},
	"elements": [
		{
			"from": [7, 10, 7],
			"to": [10, 13, 10],
			"faces": {
				"north": {"uv": [7, 2, 9, 4], "texture": "#0"},
				"east": {"uv": [9, 2, 7, 4], "texture": "#0"},
				"south": {"uv": [7, 2, 9, 4], "texture": "#0"},
				"west": {"uv": [9, 2, 7, 4], "texture": "#0"},
				"up": {"uv": [9, 3, 10, 4], "texture": "#0"},
				"down": {"uv": [9, 5, 10, 6], "texture": "#0"}
			}
		},
		{
			"from": [8, 0, 8],
			"to": [9, 10, 9],
			"faces": {
				"north": {"uv": [8, 7, 9, 16], "texture": "#0"},
				"east": {"uv": [8, 7, 9, 16], "texture": "#0"},
				"south": {"uv": [8, 7, 9, 16], "texture": "#0"},
				"west": {"uv": [8, 7, 9, 16], "texture": "#0"},
				"up": {"uv": [7, 15, 8, 16], "texture": "#0"},
				"down": {"uv": [8, 15, 9, 16], "texture": "#0"}
			}
		},
		{
			"from": [8, 4, 9],
			"to": [9, 4, 12],
			"rotation": {"angle": -22.5, "axis": "x", "origin": [8, 4, 10]},
			"faces": {
				"north": {"uv": [8, 11, 9, 12], "texture": "#0"},
				"east": {"uv": [8, 10, 9, 11], "texture": "#0"},
				"south": {"uv": [8, 10, 9, 11], "texture": "#0"},
				"west": {"uv": [10, 12, 12, 13], "texture": "#0"},
				"up": {"uv": [7, 13, 6, 11], "texture": "#0"},
				"down": {"uv": [10, 12, 11, 14], "texture": "#0"}
			}
		},
		{
			"from": [8, 3, 5],
			"to": [9, 3, 8],
			"rotation": {"angle": 22.5, "axis": "x", "origin": [8, 3, 7]},
			"faces": {
				"north": {"uv": [8, 10, 9, 11], "texture": "#0"},
				"east": {"uv": [10, 12, 12, 13], "texture": "#0"},
				"south": {"uv": [8, 10, 9, 11], "texture": "#0"},
				"west": {"uv": [8, 10, 9, 11], "texture": "#0"},
				"up": {"uv": [11, 12, 10, 14], "texture": "#0"},
				"down": {"uv": [6, 13, 7, 11], "texture": "#0"}
			}
		},
		{
			"from": [9, 2, 8],
			"to": [12, 2, 9],
			"rotation": {"angle": 22.5, "axis": "z", "origin": [10, 2, 8]},
			"faces": {
				"north": {"uv": [8, 11, 9, 12], "texture": "#0"},
				"east": {"uv": [8, 10, 9, 11], "texture": "#0"},
				"south": {"uv": [10, 12, 12, 13], "texture": "#0"},
				"west": {"uv": [8, 10, 9, 11], "texture": "#0"},
				"up": {"uv": [7, 13, 9, 14], "texture": "#0"},
				"down": {"uv": [7, 14, 9, 13], "texture": "#0"}
			}
		},
		{
			"from": [5, 1, 8],
			"to": [8, 1, 9],
			"rotation": {"angle": -22.5, "axis": "z", "origin": [7, 1, 8]},
			"faces": {
				"north": {"uv": [10, 12, 12, 13], "texture": "#0"},
				"east": {"uv": [8, 10, 9, 11], "texture": "#0"},
				"south": {"uv": [8, 10, 9, 11], "texture": "#0"},
				"west": {"uv": [8, 10, 9, 11], "texture": "#0"},
				"up": {"uv": [8, 15, 10, 14], "texture": "#0"},
				"down": {"uv": [8, 14, 10, 15], "texture": "#0"}
			}
		},
		{
			"from": [7, 11, 5],
			"to": [10, 11, 7],
			"rotation": {"angle": 22.5, "axis": "x", "origin": [8.5, 11, 7]},
			"faces": {
				"north": {"uv": [6, 3, 9, 6], "rotation": 180, "texture": "#0"},
				"east": {"uv": [6, 3, 9, 6], "rotation": 90, "texture": "#0"},
				"south": {"uv": [6, 3, 9, 6], "texture": "#0"},
				"west": {"uv": [6, 3, 9, 6], "rotation": 270, "texture": "#0"},
				"up": {"uv": [8, 5, 9, 6], "texture": "#0"},
				"down": {"uv": [8, 5, 9, 6], "rotation": 180, "texture": "#0"}
			}
		},
		{
			"from": [10, 11, 7],
			"to": [12, 11, 10],
			"rotation": {"angle": 22.5, "axis": "z", "origin": [10, 11, 8]},
			"faces": {
				"north": {"uv": [8, 5, 9, 6], "rotation": 270, "texture": "#0"},
				"east": {"uv": [6, 3, 9, 6], "rotation": 90, "texture": "#0"},
				"south": {"uv": [8, 5, 9, 6], "rotation": 90, "texture": "#0"},
				"west": {"uv": [6, 3, 9, 6], "rotation": 90, "texture": "#0"},
				"up": {"uv": [6, 3, 9, 6], "rotation": 90, "texture": "#0"},
				"down": {"uv": [6, 3, 9, 6], "rotation": 90, "texture": "#0"}
			}
		},
		{
			"from": [7, 11, 10],
			"to": [10, 11, 12],
			"rotation": {"angle": -22.5, "axis": "x", "origin": [8.5, 11, 10]},
			"faces": {
				"north": {"uv": [6, 3, 9, 6], "rotation": 180, "texture": "#0"},
				"east": {"uv": [6, 3, 9, 6], "rotation": 270, "texture": "#0"},
				"south": {"uv": [6, 3, 9, 6], "texture": "#0"},
				"west": {"uv": [6, 3, 9, 6], "rotation": 90, "texture": "#0"},
				"up": {"uv": [8, 5, 9, 6], "rotation": 180, "texture": "#0"},
				"down": {"uv": [8, 5, 9, 6], "texture": "#0"}
			}
		},
		{
			"from": [5, 11, 7],
			"to": [7, 11, 10],
			"rotation": {"angle": -22.5, "axis": "z", "origin": [7, 11, 8]},
			"faces": {
				"north": {"uv": [8, 5, 9, 6], "rotation": 90, "texture": "#0"},
				"east": {"uv": [6, 3, 9, 6], "rotation": 270, "texture": "#0"},
				"south": {"uv": [8, 5, 9, 6], "rotation": 270, "texture": "#0"},
				"west": {"uv": [6, 3, 9, 6], "rotation": 270, "texture": "#0"},
				"up": {"uv": [6, 3, 9, 6], "rotation": 270, "texture": "#0"},
				"down": {"uv": [6, 3, 9, 6], "rotation": 270, "texture": "#0"}
			}
		},
		{
			"from": [9, 12, 7],
			"to": [9, 13, 10],
			"rotation": {"angle": -45, "axis": "z", "origin": [10, 11, 8]},
			"faces": {
				"north": {"uv": [8, 5, 9, 6], "texture": "#0"},
				"east": {"uv": [9, 4, 10, 5], "texture": "#0"},
				"south": {"uv": [8, 5, 9, 6], "texture": "#0"},
				"west": {"uv": [9, 4, 10, 5], "texture": "#0"},
				"up": {"uv": [6, 3, 9, 6], "texture": "#0"},
				"down": {"uv": [6, 3, 9, 6], "texture": "#0"}
			}
		},
		{
			"from": [5, 12, 7],
			"to": [6, 12, 10],
			"rotation": {"angle": -45, "axis": "z", "origin": [7, 11, 8]},
			"faces": {
				"north": {"uv": [8, 5, 9, 6], "rotation": 90, "texture": "#0"},
				"east": {"uv": [6, 3, 9, 6], "rotation": 270, "texture": "#0"},
				"south": {"uv": [8, 5, 9, 6], "rotation": 270, "texture": "#0"},
				"west": {"uv": [6, 3, 9, 6], "rotation": 270, "texture": "#0"},
				"up": {"uv": [9, 4, 10, 5], "rotation": 270, "texture": "#0"},
				"down": {"uv": [9, 4, 10, 5], "rotation": 270, "texture": "#0"}
			}
		},
		{
			"from": [7, 12, 8],
			"to": [10, 13, 8],
			"rotation": {"angle": -45, "axis": "x", "origin": [8.5, 11, 7]},
			"faces": {
				"north": {"uv": [9, 4, 10, 5], "texture": "#0"},
				"east": {"uv": [6, 3, 9, 6], "texture": "#0"},
				"south": {"uv": [9, 4, 10, 5], "texture": "#0"},
				"west": {"uv": [6, 3, 9, 6], "texture": "#0"},
				"up": {"uv": [6, 3, 9, 6], "texture": "#0"},
				"down": {"uv": [6, 3, 9, 6], "texture": "#0"}
			}
		},
		{
			"from": [7, 12, 9],
			"to": [10, 13, 9],
			"rotation": {"angle": 45, "axis": "x", "origin": [8.5, 11, 10]},
			"faces": {
				"north": {"uv": [9, 4, 10, 5], "texture": "#0"},
				"east": {"uv": [6, 3, 9, 6], "texture": "#0"},
				"south": {"uv": [9, 4, 10, 5], "texture": "#0"},
				"west": {"uv": [6, 3, 9, 6], "texture": "#0"},
				"up": {"uv": [6, 3, 9, 6], "texture": "#0"},
				"down": {"uv": [6, 3, 9, 6], "texture": "#0"}
			}
		}
	],
	"groups": [
		0,
		1,
		2,
		3,
		4,
		5,
		6,
		7,
		8,
		9,
		10,
		11,
		12,
		13,
		{
			"name": "group",
			"origin": [8, 8, 8],
			"color": 0,
			"children": []
		}
	]
}