{
	"credit": "Made with Blockbench",
	"ambientocclusion": false,
	"textures": {
		"0": "block/blue_orchid",
		"particle": "block/blue_orchid"
	},
	"elements": [
		{
			"from": [6.5, 9, 6.5],
			"to": [8.5, 10, 8.5],
			"rotation": {"angle": 0, "axis": "y", "origin": [7.75, 5.75, 8]},
			"faces": {
				"north": {"uv": [7, 6, 9, 7], "texture": "#0"},
				"east": {"uv": [7, 6, 9, 7], "texture": "#0"},
				"south": {"uv": [7, 6, 9, 7], "texture": "#0"},
				"west": {"uv": [7, 6, 9, 7], "texture": "#0"},
				"up": {"uv": [7, 6, 8, 7], "texture": "#0"},
				"down": {"uv": [7, 6, 8, 7], "texture": "#0"}
			}
		},
		{
			"from": [5.5, 10, 6],
			"to": [8.5, 10, 9],
			"rotation": {"angle": 0, "axis": "y", "origin": [7.75, 5.75, 8]},
			"faces": {
				"north": {"uv": [7, 6, 9, 7], "texture": "#0"},
				"east": {"uv": [7, 6, 9, 7], "texture": "#0"},
				"south": {"uv": [7, 6, 9, 7], "texture": "#0"},
				"west": {"uv": [7, 6, 9, 7], "texture": "#0"},
				"up": {"uv": [8, 6, 9, 7], "texture": "#0"},
				"down": {"uv": [7, 6, 8, 7], "texture": "#0"}
			}
		},
		{
			"from": [7.5, 10.1, 7.5],
			"to": [9.5, 10.1, 9.5],
			"rotation": {"angle": 0, "axis": "y", "origin": [7.75, 5.75, 8]},
			"faces": {
				"north": {"uv": [7, 6, 9, 7], "texture": "#0"},
				"east": {"uv": [7, 6, 9, 7], "texture": "#0"},
				"south": {"uv": [7, 6, 9, 7], "texture": "#0"},
				"west": {"uv": [7, 6, 9, 7], "texture": "#0"},
				"up": {"uv": [10, 8, 12, 10], "texture": "#0"},
				"down": {"uv": [10, 8, 12, 10], "texture": "#0"}
			}
		},
		{
			"from": [7, 10.4, 5.5],
			"to": [9, 10.4, 7.5],
			"rotation": {"angle": 0, "axis": "y", "origin": [7.75, 5.75, 8]},
			"faces": {
				"north": {"uv": [7, 6, 9, 7], "texture": "#0"},
				"east": {"uv": [7, 6, 9, 7], "texture": "#0"},
				"south": {"uv": [7, 6, 9, 7], "texture": "#0"},
				"west": {"uv": [7, 6, 9, 7], "texture": "#0"},
				"up": {"uv": [6, 4, 8, 6], "texture": "#0"},
				"down": {"uv": [6, 4, 8, 6], "texture": "#0"}
			}
		},
		{
			"from": [5, 10.2, 8],
			"to": [7, 10.2, 10],
			"rotation": {"angle": 0, "axis": "y", "origin": [7.75, 5.75, 8]},
			"faces": {
				"north": {"uv": [7, 6, 9, 7], "texture": "#0"},
				"east": {"uv": [7, 6, 9, 7], "texture": "#0"},
				"south": {"uv": [7, 6, 9, 7], "texture": "#0"},
				"west": {"uv": [7, 6, 9, 7], "texture": "#0"},
				"up": {"uv": [5, 6, 7, 8], "texture": "#0"},
				"down": {"uv": [5, 6, 7, 8], "texture": "#0"}
			}
		},
		{
			"from": [5, 10.2, 5],
			"to": [7, 10.2, 7],
			"rotation": {"angle": 0, "axis": "y", "origin": [6, 10.2, 6]},
			"faces": {
				"north": {"uv": [7, 6, 9, 7], "texture": "#0"},
				"east": {"uv": [7, 6, 9, 7], "texture": "#0"},
				"south": {"uv": [7, 6, 9, 7], "texture": "#0"},
				"west": {"uv": [7, 6, 9, 7], "texture": "#0"},
				"up": {"uv": [10, 8, 12, 10], "rotation": 180, "texture": "#0"},
				"down": {"uv": [10, 8, 12, 10], "rotation": 180, "texture": "#0"}
			}
		},
		{
			"from": [5, 7.2, 5.5],
			"to": [7, 7.2, 7.5],
			"rotation": {"angle": 0, "axis": "y", "origin": [7.75, 5.75, 8]},
			"faces": {
				"north": {"uv": [7, 6, 9, 7], "texture": "#0"},
				"east": {"uv": [7, 6, 9, 7], "texture": "#0"},
				"south": {"uv": [7, 6, 9, 7], "texture": "#0"},
				"west": {"uv": [7, 6, 9, 7], "texture": "#0"},
				"up": {"uv": [6, 4, 8, 6], "texture": "#0"},
				"down": {"uv": [6, 4, 8, 6], "texture": "#0"}
			}
		},
		{
			"from": [4, 7.2, 8],
			"to": [6, 7.2, 10],
			"rotation": {"angle": 0, "axis": "y", "origin": [5, 7.2, 9]},
			"faces": {
				"north": {"uv": [7, 6, 9, 7], "texture": "#0"},
				"east": {"uv": [7, 6, 9, 7], "texture": "#0"},
				"south": {"uv": [7, 6, 9, 7], "texture": "#0"},
				"west": {"uv": [7, 6, 9, 7], "texture": "#0"},
				"up": {"uv": [10, 8, 12, 10], "rotation": 90, "texture": "#0"},
				"down": {"uv": [6, 4, 8, 6], "rotation": 270, "texture": "#0"}
			}
		},
		{
			"from": [4.5, 7, 6.5],
			"to": [7.5, 7, 9.5],
			"rotation": {"angle": 0, "axis": "y", "origin": [7.75, 5.75, 8]},
			"faces": {
				"north": {"uv": [7, 6, 9, 7], "texture": "#0"},
				"east": {"uv": [7, 6, 9, 7], "texture": "#0"},
				"south": {"uv": [7, 6, 9, 7], "texture": "#0"},
				"west": {"uv": [7, 6, 9, 7], "texture": "#0"},
				"up": {"uv": [8, 6, 9, 7], "texture": "#0"},
				"down": {"uv": [7, 6, 8, 7], "texture": "#0"}
			}
		},
		{
			"from": [6.5, 7.1, 8.5],
			"to": [8.5, 7.1, 10.5],
			"rotation": {"angle": 0, "axis": "y", "origin": [7.75, 5.75, 8]},
			"faces": {
				"north": {"uv": [7, 6, 9, 7], "texture": "#0"},
				"east": {"uv": [7, 6, 9, 7], "texture": "#0"},
				"south": {"uv": [7, 6, 9, 7], "texture": "#0"},
				"west": {"uv": [7, 6, 9, 7], "texture": "#0"},
				"up": {"uv": [5, 6, 7, 8], "texture": "#0"},
				"down": {"uv": [5, 6, 7, 8], "texture": "#0"}
			}
		},
		{
			"from": [5.5, 6, 7.5],
			"to": [7.5, 7, 9.5],
			"rotation": {"angle": 0, "axis": "y", "origin": [7.75, 5.75, 8]},
			"faces": {
				"north": {"uv": [7, 6, 9, 7], "texture": "#0"},
				"east": {"uv": [7, 6, 9, 7], "texture": "#0"},
				"south": {"uv": [7, 6, 9, 7], "texture": "#0"},
				"west": {"uv": [7, 6, 9, 7], "texture": "#0"},
				"up": {"uv": [7, 6, 8, 7], "texture": "#0"},
				"down": {"uv": [8, 6, 9, 7], "texture": "#0"}
			}
		},
		{
			"from": [7, 5.2, 4],
			"to": [9, 5.2, 6],
			"rotation": {"angle": 0, "axis": "y", "origin": [7.75, 5.75, 8]},
			"faces": {
				"north": {"uv": [7, 6, 9, 7], "texture": "#0"},
				"east": {"uv": [7, 6, 9, 7], "texture": "#0"},
				"south": {"uv": [7, 6, 9, 7], "texture": "#0"},
				"west": {"uv": [7, 6, 9, 7], "texture": "#0"},
				"up": {"uv": [5, 6, 7, 8], "texture": "#0"},
				"down": {"uv": [5, 6, 7, 8], "texture": "#0"}
			}
		},
		{
			"from": [7.5, 5, 5],
			"to": [10.5, 5, 8],
			"rotation": {"angle": 0, "axis": "y", "origin": [7.75, 5.75, 8]},
			"faces": {
				"north": {"uv": [7, 6, 9, 7], "texture": "#0"},
				"east": {"uv": [7, 6, 9, 7], "texture": "#0"},
				"south": {"uv": [7, 6, 9, 7], "texture": "#0"},
				"west": {"uv": [7, 6, 8, 7], "texture": "#0"},
				"up": {"uv": [8, 6, 9, 7], "texture": "#0"},
				"down": {"uv": [7, 6, 8, 7], "texture": "#0"}
			}
		},
		{
			"from": [9.5, 5.1, 6.5],
			"to": [11.5, 5.1, 8.5],
			"rotation": {"angle": 0, "axis": "y", "origin": [7.75, 5.75, 8]},
			"faces": {
				"north": {"uv": [7, 6, 9, 7], "texture": "#0"},
				"east": {"uv": [7, 6, 9, 7], "texture": "#0"},
				"south": {"uv": [7, 6, 9, 7], "texture": "#0"},
				"west": {"uv": [7, 6, 9, 7], "texture": "#0"},
				"up": {"uv": [10, 8, 12, 10], "texture": "#0"},
				"down": {"uv": [10, 8, 12, 10], "texture": "#0"}
			}
		},
		{
			"from": [7.5, 4, 5.5],
			"to": [9.5, 5, 7.5],
			"rotation": {"angle": 0, "axis": "y", "origin": [7.75, 5.75, 8]},
			"faces": {
				"north": {"uv": [7, 6, 9, 7], "texture": "#0"},
				"east": {"uv": [7, 6, 9, 7], "texture": "#0"},
				"south": {"uv": [7, 6, 9, 7], "texture": "#0"},
				"west": {"uv": [7, 6, 9, 7], "texture": "#0"},
				"up": {"uv": [7, 6, 8, 7], "texture": "#0"},
				"down": {"uv": [8, 6, 9, 7], "texture": "#0"}
			}
		},
		{
			"from": [7, 0, 7],
			"to": [8, 9, 8],
			"rotation": {"angle": 0, "axis": "y", "origin": [7.75, 5.75, 8]},
			"faces": {
				"north": {"uv": [7, 7, 8, 16], "texture": "#0"},
				"east": {"uv": [7, 7, 8, 16], "texture": "#0"},
				"south": {"uv": [7, 7, 8, 16], "texture": "#0"},
				"west": {"uv": [7, 7, 8, 16], "texture": "#0"},
				"up": {"uv": [7, 15, 8, 16], "texture": "#0"},
				"down": {"uv": [8, 15, 9, 16], "texture": "#0"}
			}
		}
	]
}