{
	"credit": "Made with Blockbench",
	"parent": "block/cross",
	"textures": {
		"1": "block/cornflower",
		"particle": "block/cornflower"
	},
	"elements": [
		{
			"from": [7, 0, 8],
			"to": [8, 7, 9],
			"rotation": {"angle": 0, "axis": "y", "origin": [7.5, 4.75, 8.5]},
			"faces": {
				"north": {"uv": [7, 9, 8, 16], "texture": "#1"},
				"east": {"uv": [7, 9, 8, 16], "texture": "#1"},
				"south": {"uv": [7, 9, 8, 16], "texture": "#1"},
				"west": {"uv": [7, 9, 8, 16], "texture": "#1"},
				"up": {"uv": [0, 0, 2, 2], "texture": "#1"},
				"down": {"uv": [0, 0, 2, 2], "texture": "#1"}
			}
		},
		{
			"from": [8, 3, 7],
			"to": [11, 3, 10],
			"rotation": {"angle": 22.5, "axis": "z", "origin": [8.5, 3, 8.5]},
			"faces": {
				"up": {"uv": [4, 13, 6, 11], "texture": "#1"},
				"down": {"uv": [4, 11, 6, 13], "texture": "#1"}
			}
		},
		{
			"from": [6.5, 7, 7.5],
			"to": [8.5, 9, 9.5],
			"rotation": {"angle": 0, "axis": "y", "origin": [7.5, 4.75, 8.5]},
			"faces": {
				"north": {"uv": [6, 7, 9, 9], "texture": "#1"},
				"east": {"uv": [9, 7, 6, 9], "texture": "#1"},
				"south": {"uv": [6, 7, 9, 9], "texture": "#1"},
				"west": {"uv": [9, 7, 6, 9], "texture": "#1"},
				"up": {"uv": [7, 7, 8, 6], "texture": "#1"},
				"down": {"uv": [6, 8, 9, 9], "texture": "#1"}
			}
		},
		{
			"from": [8, 9, 9],
			"to": [10, 9, 11],
			"rotation": {"angle": 0, "axis": "y", "origin": [7.5, 4.75, 8.5]},
			"faces": {
				"up": {"uv": [5, 7, 7, 5], "texture": "#1"},
				"down": {"uv": [5, 5, 7, 7], "texture": "#1"}
			}
		},
		{
			"from": [8, 9, 7.5],
			"to": [10, 9, 9.5],
			"rotation": {"angle": 22.5, "axis": "z", "origin": [8, 9, 8.5]},
			"faces": {
				"up": {"uv": [4, 5, 5, 4], "texture": "#1"},
				"down": {"uv": [4, 4, 5, 5], "texture": "#1"}
			}
		},
		{
			"from": [8, 9, 6],
			"to": [10, 9, 8],
			"rotation": {"angle": 0, "axis": "y", "origin": [7.5, 4.75, 8.5]},
			"faces": {
				"up": {"uv": [5, 7, 7, 5], "texture": "#1"},
				"down": {"uv": [5, 5, 7, 7], "texture": "#1"}
			}
		},
		{
			"from": [6.5, 9, 6],
			"to": [8.5, 9, 8],
			"rotation": {"angle": 22.5, "axis": "x", "origin": [7.5, 9, 8]},
			"faces": {
				"up": {"uv": [4, 5, 5, 4], "texture": "#1"},
				"down": {"uv": [4, 4, 5, 5], "texture": "#1"}
			}
		},
		{
			"from": [5, 9, 6],
			"to": [7, 9, 8],
			"rotation": {"angle": 0, "axis": "y", "origin": [7.5, 4.75, 8.5]},
			"faces": {
				"up": {"uv": [5, 7, 7, 5], "texture": "#1"},
				"down": {"uv": [5, 5, 7, 7], "texture": "#1"}
			}
		},
		{
			"from": [5, 9.2, 7.5],
			"to": [7, 9.2, 9.5],
			"rotation": {"angle": -22.5, "axis": "z", "origin": [7, 9.2, 8.5]},
			"faces": {
				"up": {"uv": [4, 5, 5, 4], "texture": "#1"},
				"down": {"uv": [4, 4, 5, 5], "texture": "#1"}
			}
		},
		{
			"from": [6.5, 9.2, 9],
			"to": [8.5, 9.2, 11],
			"rotation": {"angle": -22.5, "axis": "x", "origin": [7.5, 9.2, 9]},
			"faces": {
				"up": {"uv": [4, 5, 5, 4], "rotation": 270, "texture": "#1"},
				"down": {"uv": [4, 4, 5, 5], "rotation": 90, "texture": "#1"}
			}
		},
		{
			"from": [5, 9, 9],
			"to": [7, 9, 11],
			"rotation": {"angle": 0, "axis": "y", "origin": [7.5, 4.75, 8.5]},
			"faces": {
				"up": {"uv": [5, 7, 7, 5], "texture": "#1"},
				"down": {"uv": [5, 5, 7, 7], "texture": "#1"}
			}
		},
		{
			"from": [4, 2, 7],
			"to": [7, 2, 10],
			"rotation": {"angle": -22.5, "axis": "z", "origin": [6.5, 2, 8.5]},
			"faces": {
				"up": {"uv": [9, 14, 11, 12], "texture": "#1"},
				"down": {"uv": [9, 12, 11, 14], "texture": "#1"}
			}
		},
		{
			"from": [6, 4, 9],
			"to": [9, 4, 12],
			"rotation": {"angle": -22.5, "axis": "x", "origin": [7.5, 4, 9.5]},
			"faces": {
				"up": {"uv": [10, 12, 12, 10], "texture": "#1"},
				"down": {"uv": [10, 10, 12, 12], "texture": "#1"}
			}
		},
		{
			"from": [6, 5, 5],
			"to": [9, 5, 8],
			"rotation": {"angle": 22.5, "axis": "x", "origin": [7.5, 5, 7.5]},
			"faces": {
				"up": {"uv": [10, 12, 12, 10], "texture": "#1"},
				"down": {"uv": [10, 10, 12, 12], "texture": "#1"}
			}
		}
	]
}