{
	"credit": "Made with Blockbench",
	"ambientocclusion": false,
	"textures": {
		"0": "block/oxeye_daisy",
		"particle": "block/oxeye_daisy"
	},
	"elements": [
		{
			"from": [6, 11, 3],
			"to": [9, 11, 6],
			"rotation": {"angle": 0, "axis": "y", "origin": [8, 6.25, 8]},
			"faces": {
				"north": {"uv": [9, 3, 10, 6], "texture": "#0"},
				"east": {"uv": [9, 3, 10, 6], "texture": "#0"},
				"south": {"uv": [9, 3, 10, 6], "texture": "#0"},
				"west": {"uv": [9, 3, 10, 6], "texture": "#0"},
				"up": {"uv": [9, 5, 11, 7], "texture": "#0"},
				"down": {"uv": [9, 5, 11, 7], "texture": "#0"}
			}
		},
		{
			"from": [7, 0, 7],
			"to": [8, 9, 8],
			"rotation": {"angle": 0, "axis": "y", "origin": [8, 6.25, 8]},
			"faces": {
				"north": {"uv": [8, 8, 9, 16], "texture": "#0"},
				"east": {"uv": [8, 8, 9, 16], "texture": "#0"},
				"south": {"uv": [8, 8, 9, 16], "texture": "#0"},
				"west": {"uv": [8, 8, 9, 16], "texture": "#0"},
				"up": {"uv": [7, 15, 8, 16], "texture": "#0"},
				"down": {"uv": [8, 15, 9, 16], "texture": "#0"}
			}
		},
		{
			"from": [7, 5, 4],
			"to": [9, 5, 7],
			"rotation": {"angle": 22.5, "axis": "x", "origin": [8, 5, 7]},
			"faces": {
				"north": {"uv": [7, 8, 9, 10], "texture": "#0"},
				"east": {"uv": [7, 8, 9, 10], "texture": "#0"},
				"south": {"uv": [10, 11, 12, 12], "texture": "#0"},
				"west": {"uv": [9, 10, 11, 12], "texture": "#0"},
				"up": {"uv": [7, 11, 9, 13], "texture": "#0"},
				"down": {"uv": [7, 11, 9, 13], "texture": "#0"}
			}
		},
		{
			"from": [4, 4, 7],
			"to": [7, 4, 9],
			"rotation": {"angle": -22.5, "axis": "z", "origin": [7, 4, 8]},
			"faces": {
				"north": {"uv": [7, 11, 9, 12], "texture": "#0"},
				"east": {"uv": [7, 11, 9, 12], "texture": "#0"},
				"south": {"uv": [7, 10, 9, 11], "texture": "#0"},
				"west": {"uv": [7, 11, 9, 12], "texture": "#0"},
				"up": {"uv": [8, 13, 9, 15], "texture": "#0"},
				"down": {"uv": [8, 13, 9, 15], "texture": "#0"}
			}
		},
		{
			"from": [7, 6, 8],
			"to": [9, 6, 11],
			"rotation": {"angle": -22.5, "axis": "x", "origin": [8, 6, 8]},
			"faces": {
				"north": {"uv": [7, 10, 9, 12], "texture": "#0"},
				"east": {"uv": [7, 10, 9, 12], "texture": "#0"},
				"south": {"uv": [7, 9, 9, 11], "texture": "#0"},
				"west": {"uv": [7, 10, 9, 12], "texture": "#0"},
				"up": {"uv": [7, 11, 9, 13], "texture": "#0"},
				"down": {"uv": [7, 11, 9, 13], "texture": "#0"}
			}
		},
		{
			"from": [8, 3, 7],
			"to": [11, 3, 9],
			"rotation": {"angle": 22.5, "axis": "z", "origin": [8, 3, 8]},
			"faces": {
				"north": {"uv": [7, 12, 9, 13], "texture": "#0"},
				"east": {"uv": [7, 11, 9, 12], "texture": "#0"},
				"south": {"uv": [7, 12, 9, 13], "texture": "#0"},
				"west": {"uv": [7, 11, 9, 12], "texture": "#0"},
				"up": {"uv": [8, 13, 9, 15], "texture": "#0"},
				"down": {"uv": [8, 13, 9, 15], "texture": "#0"}
			}
		},
		{
			"from": [6, 9, 6],
			"to": [9, 11, 9],
			"rotation": {"angle": 0, "axis": "y", "origin": [8, 6.25, 8]},
			"faces": {
				"north": {"uv": [8, 6, 9, 8], "texture": "#0"},
				"east": {"uv": [8, 6, 9, 8], "texture": "#0"},
				"south": {"uv": [8, 6, 9, 8], "texture": "#0"},
				"west": {"uv": [8, 6, 9, 8], "texture": "#0"},
				"up": {"uv": [8, 5, 9, 6], "texture": "#0"},
				"down": {"uv": [7, 7, 9, 8], "texture": "#0"}
			}
		},
		{
			"from": [9, 11, 6],
			"to": [12, 11, 9],
			"rotation": {"angle": 0, "axis": "y", "origin": [8, 6.25, 8]},
			"faces": {
				"north": {"uv": [9, 3, 10, 6], "texture": "#0"},
				"east": {"uv": [9, 3, 10, 6], "texture": "#0"},
				"south": {"uv": [9, 3, 10, 6], "texture": "#0"},
				"west": {"uv": [9, 3, 10, 6], "texture": "#0"},
				"up": {"uv": [9, 5, 11, 7], "texture": "#0"},
				"down": {"uv": [9, 5, 11, 7], "texture": "#0"}
			}
		},
		{
			"from": [6, 11, 9],
			"to": [9, 11, 12],
			"rotation": {"angle": 0, "axis": "y", "origin": [8, 6.25, 8]},
			"faces": {
				"north": {"uv": [9, 3, 10, 6], "texture": "#0"},
				"east": {"uv": [9, 3, 10, 6], "texture": "#0"},
				"south": {"uv": [9, 3, 10, 6], "texture": "#0"},
				"west": {"uv": [9, 3, 10, 6], "texture": "#0"},
				"up": {"uv": [9, 5, 11, 7], "texture": "#0"},
				"down": {"uv": [9, 5, 11, 7], "texture": "#0"}
			}
		},
		{
			"from": [3, 11, 6],
			"to": [6, 11, 9],
			"rotation": {"angle": 0, "axis": "y", "origin": [8, 6.25, 8]},
			"faces": {
				"north": {"uv": [9, 3, 10, 6], "texture": "#0"},
				"east": {"uv": [9, 3, 10, 6], "texture": "#0"},
				"south": {"uv": [9, 3, 10, 6], "texture": "#0"},
				"west": {"uv": [9, 3, 10, 6], "texture": "#0"},
				"up": {"uv": [9, 5, 11, 7], "texture": "#0"},
				"down": {"uv": [9, 5, 11, 7], "texture": "#0"}
			}
		}
	]
}