{
	"credit": "Made with Blockbench",
	"texture_size": [64, 32],
	"ambientocclusion": false,
	"textures": {
		"2": "block/birch/birch_doors/birch_door",
		"particle": "block/birch_door_top"
	},
	"elements": [
		{
			"from": [0, 0, 0],
			"to": [3, 16, 3],
			"faces": {
				"north": {"uv": [15.25, 0, 16, 8], "texture": "#2", "cullface": "north"},
				"east": {"uv": [14.5, 0, 15.25, 8], "texture": "#2"},
				"south": {"uv": [0, 9, 4, 10.5], "rotation": 90, "texture": "#2"},
				"west": {"uv": [6.5, 0, 7.25, 8], "texture": "#2", "cullface": "west"}
			}
		},
		{
			"from": [1, 0, 3],
			"to": [2, 13, 13],
			"shade": true,
			"faces": {
				"east": {"uv": [12, 1.5, 14.5, 8], "texture": "#2"},
				"west": {"uv": [12, 1.5, 14.5, 8], "texture": "#2", "cullface": "west"}
			}
		},
		{
			"from": [0, 13, 0],
			"to": [3, 16, 16],
			"faces": {
				"east": {"uv": [11.25, 0, 15.25, 1.5], "texture": "#2"},
				"west": {"uv": [6.5, 0, 10.5, 1.5], "texture": "#2", "cullface": "west"},
				"up": {"uv": [0, 9, 4, 10.5], "rotation": 270, "texture": "#2", "cullface": "up"},
				"down": {"uv": [0, 9, 4, 10.5], "rotation": 90, "texture": "#2"}
			}
		},
		{
			"from": [0, 0, 13],
			"to": [3, 16, 16],
			"faces": {
				"north": {"uv": [0, 9, 4, 10.5], "rotation": 90, "texture": "#2"},
				"east": {"uv": [11.25, 0, 12, 8], "texture": "#2"},
				"south": {"uv": [10.5, 0, 11.25, 8], "texture": "#2", "cullface": "south"},
				"west": {"uv": [9.75, 0, 10.5, 8], "texture": "#2", "cullface": "west"}
			}
		}
	]
}