{
	"credit": "Made with block/birch/birch_trapdoorbench",
	"texture_size": [32, 32],
	"ambientocclusion": false,
	"textures": {
		"1": "block/birch/birch_doors/birch_trapdoor",
		"particle": "block/birch_trapdoor"
	},
	"elements": [
		{
			"from": [0, 0, 13],
			"to": [16, 16, 16],
			"rotation": {"angle": 0, "axis": "y", "origin": [0, 13, 0]},
			"faces": {
				"north": {"uv": [8, 0, 16, 8], "texture": "#1"},
				"east": {"uv": [0, 12, 8, 10.5], "rotation": 90, "texture": "#1", "cullface": "east"},
				"south": {"uv": [8, 0, 16, 8], "texture": "#1", "cullface": "south"},
				"west": {"uv": [0, 10.5, 8, 12], "rotation": 270, "texture": "#1", "cullface": "west"},
				"up": {"uv": [0, 10.5, 8, 9], "texture": "#1", "cullface": "up"},
				"down": {"uv": [0, 10.5, 8, 12], "rotation": 180, "texture": "#1", "cullface": "down"}
			}
		},
		{
			"name": "inner_vines",
			"from": [2.5, 2.98, 14],
			"to": [13.5, 13.02, 15],
			"shade": true,
			"rotation": {"angle": 0, "axis": "x", "origin": [11.4999, 14.49999, 8]},
			"faces": {
				"north": {"uv": [6.5, 6.5, 1.5, 1.5], "rotation": 180, "texture": "#1"},
				"south": {"uv": [1.5, 1.5, 6.5, 6.5], "texture": "#1", "cullface": "south"}
			}
		},
		{
			"from": [13.05, 2.95, 13],
			"to": [2.95, 13.05, 16],
			"rotation": {"angle": 0, "axis": "x", "origin": [0, 13, 13]},
			"faces": {
				"east": {"uv": [1.5, 10.5, 6.5, 12], "rotation": 270, "texture": "#1"},
				"west": {"uv": [1.5, 10.5, 6.5, 12], "rotation": 90, "texture": "#1"},
				"up": {"uv": [1.5, 10.5, 6.5, 12], "rotation": 180, "texture": "#1"},
				"down": {"uv": [1.5, 10.5, 6.5, 12], "texture": "#1"}
			}
		}
	]
}