{
	"credit": "Made with block/birch/birch_trapdoorbench",
	"texture_size": [32, 32],
	"ambientocclusion": false,
	"textures": {
		"1": "block/birch/birch_doors/birch_trapdoor",
		"particle": "block/birch_trapdoor"
	},
	"elements": [
		{
			"from": [0, 13, 0],
			"to": [16, 16, 16],
			"rotation": {"angle": 0, "axis": "y", "origin": [0, 13, 0]},
			"faces": {
				"north": {"uv": [0, 10.5, 8, 12], "texture": "#1", "cullface": "north"},
				"east": {"uv": [0, 10.5, 8, 12], "texture": "#1", "cullface": "east"},
				"south": {"uv": [0, 10.5, 8, 12], "texture": "#1", "cullface": "south"},
				"west": {"uv": [0, 10.5, 8, 12], "texture": "#1", "cullface": "west"},
				"up": {"uv": [8, 0, 16, 8], "texture": "#1", "cullface": "up"},
				"down": {"uv": [8, 0, 16, 8], "texture": "#1"}
			}
		},
		{
			"from": [2, 13.5, 3],
			"to": [9.25, 14.5, 13],
			"rotation": {"angle": 0, "axis": "z", "origin": [0, 13, 0], "rescale": true},
			"faces": {
				"up": {"uv": [1.5, 1.5, 6.5, 6.5], "texture": "#1", "cullface": "up"},
				"down": {"uv": [1.5, 1.5, 6.5, 6.5], "texture": "#1"}
			}
		},
		{
			"from": [13.05, 13, 2.95],
			"to": [2.95, 16, 13.05],
			"rotation": {"angle": 0, "axis": "y", "origin": [0, 13, 0]},
			"faces": {
				"north": {"uv": [1.5, 10.5, 6.5, 12], "texture": "#1"},
				"east": {"uv": [1.5, 10.5, 6.5, 12], "texture": "#1"},
				"south": {"uv": [1.5, 10.5, 6.5, 12], "texture": "#1"},
				"west": {"uv": [1.5, 10.5, 6.5, 12], "texture": "#1"}
			}
		}
	]
}