{
	"credit": "Created by Mickey Joe Alpha - http://YouTube.com/@MushirMickeyJoe",
	"textures": {
		"top": "block/barrel_top",
		"bottom": "block/barrel_bottom",
		"inside": "block/barrel_top_open",
		"particle": "block/barrel_side"
	},
	"elements": [
		{
			"name": "Box7",
			"from": [0, 1, 0],
			"to": [16, 11, 16],
			"faces": {
				"north": {"uv": [0, 5, 16, 15], "texture": "#particle", "cullface": "north"},
				"east": {"uv": [0, 5, 16, 15], "texture": "#particle", "cullface": "east"},
				"south": {"uv": [0, 5, 16, 15], "texture": "#particle", "cullface": "south"},
				"west": {"uv": [0, 5, 16, 15], "texture": "#particle", "cullface": "west"},
				"up": {"uv": [2, 4, 14, 16], "texture": "#inside", "cullface": "up"},
				"down": {"uv": [0, 0, 16, 16], "texture": "#bottom", "cullface": "down"}
			}
		},
		{
			"name": "Box8",
			"from": [0, 0, 0],
			"to": [16, 1, 1],
			"faces": {
				"north": {"uv": [0, 15, 16, 16], "texture": "#particle", "cullface": "north"},
				"east": {"uv": [15, 15, 16, 16], "texture": "#particle", "cullface": "east"},
				"south": {"uv": [0, 15, 16, 16], "texture": "#bottom", "cullface": "down"},
				"west": {"uv": [0, 15, 1, 16], "texture": "#particle", "cullface": "west"},
				"down": {"uv": [0, 15, 16, 16], "texture": "#bottom", "cullface": "down"}
			}
		},
		{
			"name": "Box9",
			"from": [0, 0, 15],
			"to": [16, 1, 16],
			"faces": {
				"north": {"uv": [16, 0, 0, 1], "texture": "#bottom", "cullface": "down"},
				"east": {"uv": [0, 15, 1, 16], "texture": "#particle", "cullface": "east"},
				"south": {"uv": [0, 15, 16, 16], "texture": "#particle", "cullface": "south"},
				"west": {"uv": [15, 15, 16, 16], "texture": "#particle", "cullface": "west"},
				"down": {"uv": [0, 0, 16, 1], "texture": "#bottom", "cullface": "down"}
			}
		},
		{
			"name": "Box10",
			"from": [0, 0, 1],
			"to": [1, 1, 15],
			"faces": {
				"east": {"uv": [0, 1, 1, 15], "rotation": 270, "texture": "#bottom", "cullface": "down"},
				"west": {"uv": [1, 15, 15, 16], "texture": "#particle", "cullface": "west"},
				"down": {"uv": [0, 1, 1, 15], "texture": "#bottom", "cullface": "down"}
			}
		},
		{
			"name": "Box11",
			"from": [15, 0, 1],
			"to": [16, 1, 15],
			"faces": {
				"east": {"uv": [1, 15, 15, 16], "texture": "#particle", "cullface": "east"},
				"west": {"uv": [15, 1, 16, 15], "rotation": 90, "texture": "#bottom", "cullface": "down"},
				"down": {"uv": [15, 1, 16, 15], "texture": "#bottom", "cullface": "down"}
			}
		},
		{
			"name": "Box12",
			"from": [0, 15, 0],
			"to": [16, 16, 1],
			"faces": {
				"north": {"uv": [0, 0, 16, 1], "texture": "#particle", "cullface": "north"},
				"east": {"uv": [15, 0, 16, 1], "texture": "#particle", "cullface": "east"},
				"south": {"uv": [0, 0, 16, 1], "texture": "#top", "cullface": "up"},
				"west": {"uv": [0, 0, 1, 1], "texture": "#particle", "cullface": "west"},
				"up": {"uv": [0, 0, 16, 1], "texture": "#top", "cullface": "up"}
			}
		},
		{
			"name": "Box13",
			"from": [0, 15, 1],
			"to": [1, 16, 15],
			"faces": {
				"east": {"uv": [0, 1, 1, 15], "rotation": 90, "texture": "#top", "cullface": "up"},
				"west": {"uv": [1, 0, 15, 1], "texture": "#particle", "cullface": "west"},
				"up": {"uv": [0, 1, 1, 15], "texture": "#top", "cullface": "up"}
			}
		},
		{
			"name": "Box14",
			"from": [15, 15, 1],
			"to": [16, 16, 15],
			"faces": {
				"east": {"uv": [1, 0, 15, 1], "texture": "#particle", "cullface": "east"},
				"west": {"uv": [15, 1, 16, 15], "rotation": 270, "texture": "#top", "cullface": "up"},
				"up": {"uv": [15, 1, 16, 15], "texture": "#top", "cullface": "up"}
			}
		},
		{
			"name": "Box15",
			"from": [0, 15, 15],
			"to": [16, 16, 16],
			"faces": {
				"north": {"uv": [16, 15, 0, 16], "texture": "#top", "cullface": "up"},
				"east": {"uv": [0, 0, 1, 1], "texture": "#particle", "cullface": "east"},
				"south": {"uv": [0, 0, 16, 1], "texture": "#particle", "cullface": "south"},
				"west": {"uv": [15, 0, 16, 1], "texture": "#particle", "cullface": "west"},
				"up": {"uv": [0, 15, 16, 16], "texture": "#top", "cullface": "up"}
			}
		},
		{
			"name": "Box11",
			"from": [0, 11, 0],
			"to": [16, 15, 2],
			"faces": {
				"north": {"uv": [0, 1, 16, 5], "texture": "#particle", "cullface": "north"},
				"east": {"uv": [14, 1, 16, 5], "texture": "#particle", "cullface": "east"},
				"south": {"uv": [0, 0, 16, 4], "texture": "#inside", "cullface": "up"},
				"west": {"uv": [0, 1, 2, 5], "texture": "#particle", "cullface": "west"},
				"up": {"uv": [0, 0, 16, 2], "texture": "#top"}
			}
		},
		{
			"name": "Box18",
			"from": [0, 11, 2],
			"to": [2, 15, 14],
			"faces": {
				"east": {"uv": [2, 0, 14, 4], "texture": "#inside", "cullface": "up"},
				"west": {"uv": [2, 1, 14, 5], "texture": "#particle", "cullface": "west"},
				"up": {"uv": [0, 2, 2, 14], "texture": "#top"}
			}
		},
		{
			"name": "Box19",
			"from": [14, 11, 2],
			"to": [16, 15, 14],
			"faces": {
				"east": {"uv": [2, 1, 14, 5], "texture": "#particle", "cullface": "east"},
				"west": {"uv": [2, 0, 14, 4], "texture": "#inside", "cullface": "up"},
				"up": {"uv": [14, 14, 16, 2], "texture": "#top"}
			}
		},
		{
			"name": "Box26",
			"from": [0, 11, 14],
			"to": [16, 15, 16],
			"faces": {
				"north": {"uv": [16, 0, 0, 4], "texture": "#inside", "cullface": "up"},
				"east": {"uv": [0, 1, 2, 5], "texture": "#particle", "cullface": "east"},
				"south": {"uv": [0, 1, 16, 5], "texture": "#particle", "cullface": "south"},
				"west": {"uv": [14, 1, 16, 5], "texture": "#particle", "cullface": "west"},
				"up": {"uv": [0, 14, 16, 16], "texture": "#top"}
			}
		},
		{
			"name": "Box38",
			"from": [6, 16.875, 5],
			"to": [8, 17.75, 7],
			"faces": {
				"north": {"uv": [5, 8, 3, 9], "texture": "#top", "cullface": "up"},
				"east": {"uv": [4, 10, 5, 8], "rotation": 270, "texture": "#top", "cullface": "up"},
				"south": {"uv": [3, 9, 5, 10], "texture": "#top", "cullface": "up"},
				"west": {"uv": [3, 8, 4, 10], "rotation": 270, "texture": "#top", "cullface": "up"},
				"up": {"uv": [3, 8, 5, 10], "texture": "#top", "cullface": "up"}
			}
		},
		{
			"name": "Box32",
			"from": [5, 16, -1],
			"to": [17, 17, 11],
			"faces": {
				"north": {"uv": [2, 2, 14, 3], "texture": "#top", "cullface": "up"},
				"east": {"uv": [13, 2, 14, 14], "rotation": 90, "texture": "#top", "cullface": "up"},
				"south": {"uv": [2, 13, 14, 14], "texture": "#top", "cullface": "up"},
				"west": {"uv": [2, 2, 3, 14], "rotation": 270, "texture": "#top", "cullface": "up"},
				"up": {"uv": [2, 2, 14, 14], "texture": "#top", "cullface": "up"},
				"down": {"uv": [2, 14, 14, 2], "texture": "#top", "cullface": "up"}
			}
		}
	]
}