{
	"credit": "Created by Mickey Joe Alpha - http://YouTube.com/@MushirMickeyJoe",
	"textures": {
		"particle": "block/pumpkin_side",
		"face": "block/carved_pumpkin_2",
		"inside": "block/carved_pumpkin_inside_2"
	},
	"elements": [
		{
			"from": [0, 0, 1],
			"to": [16, 16, 1.001],
			"shade": false,
			"faces": {
				"north": {"uv": [0, 0, 16, 16], "texture": "#inside", "cullface": "north"}
			}
		},
		{
			"from": [0, 0, 16],
			"to": [16, 16, 16.001],
			"faces": {
				"south": {"uv": [0, 0, 16, 16], "texture": "#particle", "cullface": "south"}
			}
		},
		{
			"from": [0, 0, 0],
			"to": [0.001, 16, 16],
			"faces": {
				"west": {"uv": [0, 0, 16, 16], "texture": "#particle", "cullface": "west"}
			}
		},
		{
			"from": [16, 0, 0],
			"to": [16.001, 16, 16],
			"faces": {
				"east": {"uv": [0, 0, 16, 16], "texture": "#particle", "cullface": "east"}
			}
		},
		{
			"from": [16, 0, 0],
			"to": [16.001, 16, 16],
			"shade": false,
			"faces": {
				"west": {"uv": [0, 0, 16, 16], "texture": "#inside", "cullface": "north"}
			}
		},
		{
			"from": [0, 0, 0],
			"to": [0.001, 16, 16],
			"shade": false,
			"faces": {
				"east": {"uv": [0, 0, 16, 16], "texture": "#inside", "cullface": "north"}
			}
		},
		{
			"name": "carved_pumpkin_2_0",
			"from": [0, 10, 0],
			"to": [10, 16, 0],
			"faces": {
				"north": {"uv": [10, 0, 0, 6], "texture": "#face"}
			}
		},
		{
			"name": "carved_pumpkin_2_1",
			"from": [10, 11, 0],
			"to": [16, 16, 0],
			"faces": {
				"north": {"uv": [16, 0, 10, 5], "texture": "#face"}
			}
		},
		{
			"name": "carved_pumpkin_2_2",
			"from": [11, 10, 0],
			"to": [16, 11, 0],
			"faces": {
				"north": {"uv": [16, 5, 11, 6], "texture": "#face"}
			}
		},
		{
			"name": "carved_pumpkin_2_3",
			"from": [0, 0, 0],
			"to": [1, 10, 0],
			"faces": {
				"north": {"uv": [1, 6, 0, 16], "texture": "#face"}
			}
		},
		{
			"name": "carved_pumpkin_2_4",
			"from": [5, 7, 0],
			"to": [10, 10, 0],
			"faces": {
				"north": {"uv": [10, 6, 5, 9], "texture": "#face"}
			}
		},
		{
			"name": "carved_pumpkin_2_5",
			"from": [15, 0, 0],
			"to": [16, 10, 0],
			"faces": {
				"north": {"uv": [16, 6, 15, 16], "texture": "#face"}
			}
		},
		{
			"name": "carved_pumpkin_2_6",
			"from": [4, 0, 0],
			"to": [5, 9, 0],
			"faces": {
				"north": {"uv": [5, 7, 4, 16], "texture": "#face"}
			}
		},
		{
			"name": "carved_pumpkin_2_7",
			"from": [10, 5, 0],
			"to": [12, 9, 0],
			"faces": {
				"north": {"uv": [12, 7, 10, 11], "texture": "#face"}
			}
		},
		{
			"name": "carved_pumpkin_2_8",
			"from": [2, 0, 0],
			"to": [4, 8, 0],
			"faces": {
				"north": {"uv": [4, 8, 2, 16], "texture": "#face"}
			}
		},
		{
			"name": "carved_pumpkin_2_9",
			"from": [12, 0, 0],
			"to": [14, 8, 0],
			"faces": {
				"north": {"uv": [14, 8, 12, 16], "texture": "#face"}
			}
		},
		{
			"name": "carved_pumpkin_2_10",
			"from": [1, 0, 0],
			"to": [2, 7, 0],
			"faces": {
				"north": {"uv": [2, 9, 1, 16], "texture": "#face"}
			}
		},
		{
			"name": "carved_pumpkin_2_11",
			"from": [5, 6, 0],
			"to": [7, 7, 0],
			"faces": {
				"north": {"uv": [7, 9, 5, 10], "texture": "#face"}
			}
		},
		{
			"name": "carved_pumpkin_2_12",
			"from": [9, 6, 0],
			"to": [10, 7, 0],
			"faces": {
				"north": {"uv": [10, 9, 9, 10], "texture": "#face"}
			}
		},
		{
			"name": "carved_pumpkin_2_13",
			"from": [14, 0, 0],
			"to": [15, 7, 0],
			"faces": {
				"north": {"uv": [15, 9, 14, 16], "texture": "#face"}
			}
		},
		{
			"name": "carved_pumpkin_2_14",
			"from": [5, 5, 0],
			"to": [6, 6, 0],
			"faces": {
				"north": {"uv": [6, 10, 5, 11], "texture": "#face"}
			}
		},
		{
			"name": "carved_pumpkin_2_15",
			"from": [11, 0, 0],
			"to": [12, 5, 0],
			"faces": {
				"north": {"uv": [12, 11, 11, 16], "texture": "#face"}
			}
		},
		{
			"name": "carved_pumpkin_2_16",
			"from": [6, 0, 0],
			"to": [10, 4, 0],
			"faces": {
				"north": {"uv": [10, 12, 6, 16], "texture": "#face"}
			}
		},
		{
			"name": "carved_pumpkin_2_17",
			"from": [5, 0, 0],
			"to": [6, 3, 0],
			"faces": {
				"north": {"uv": [6, 13, 5, 16], "texture": "#face"}
			}
		},
		{
			"name": "carved_pumpkin_2_18",
			"from": [10, 0, 0],
			"to": [11, 3, 0],
			"faces": {
				"north": {"uv": [11, 13, 10, 16], "texture": "#face"}
			}
		}
	]
}