{
	"credit": "Created by Mickey Joe Alpha - http://YouTube.com/@MushirMickeyJoe",
	"ambientocclusion": false,
	"textures": {
		"0": "block/copper_door_bottom",
		"1": "block/copper_door_sides",
		"2": "block/copper_trapdoor_ends",
		"particle": "block/copper_door_bottom"
	},
	"elements": [
		{
			"from": [0, 0, 0],
			"to": [3, 16, 16],
			"faces": {
				"north": {"uv": [0, 0, 3, 16], "texture": "#1", "cullface": "south"},
				"east": {"uv": [16, 0, 0, 16], "texture": "#0", "cullface": "west"},
				"south": {"uv": [3, 0, 6, 16], "texture": "#1", "cullface": "north"},
				"west": {"uv": [0, 0, 16, 16], "texture": "#0"},
				"down": {"uv": [0, 3, 16, 6], "rotation": 270, "texture": "#2", "cullface": "down"}
			}
		},
		{
			"from": [-1, 11, 10],
			"to": [4, 13, 14],
			"faces": {
				"north": {"uv": [14, 3, 10, 5], "texture": "#0"},
				"east": {"uv": [10, 3, 14, 5], "texture": "#0"},
				"south": {"uv": [14, 3, 10, 5], "texture": "#0"},
				"west": {"uv": [10, 3, 14, 5], "texture": "#0"},
				"up": {"uv": [10, 3, 14, 4], "rotation": 270, "texture": "#0"},
				"down": {"uv": [10, 4, 14, 5], "rotation": 270, "texture": "#0"}
			}
		},
		{
			"from": [-1, 13, 10],
			"to": [4, 16, 11],
			"faces": {
				"north": {"uv": [13, 0, 14, 3], "texture": "#0"},
				"east": {"uv": [13, 0, 14, 3], "texture": "#0"},
				"south": {"uv": [13, 0, 14, 3], "texture": "#0"},
				"west": {"uv": [13, 0, 14, 3], "texture": "#0"},
				"up": {"uv": [13, 0, 14, 1], "rotation": 270, "texture": "#0"},
				"down": {"uv": [13, 2, 14, 3], "rotation": 270, "texture": "#0"}
			}
		},
		{
			"from": [-1, 13, 13],
			"to": [4, 16, 14],
			"faces": {
				"north": {"uv": [10, 0, 11, 3], "texture": "#0"},
				"east": {"uv": [10, 0, 11, 3], "texture": "#0"},
				"south": {"uv": [10, 0, 11, 3], "texture": "#0"},
				"west": {"uv": [10, 0, 11, 3], "texture": "#0"},
				"up": {"uv": [10, 0, 11, 1], "rotation": 270, "texture": "#0"},
				"down": {"uv": [10, 2, 11, 3], "rotation": 270, "texture": "#0"}
			}
		}
	]
}