{
	"credit": "Created by Mickey Joe Alpha - http://YouTube.com/@MushirMickeyJoe",
	"ambientocclusion": false,
	"textures": {
		"0": "block/copper_door_top",
		"1": "block/copper_door_sides",
		"2": "block/copper_door_ends",
		"3": "block/copper_trapdoor_ends",
		"particle": "block/copper_door_top"
	},
	"elements": [
		{
			"from": [0, 0, 0],
			"to": [3, 4, 16],
			"rotation": {"angle": 0, "axis": "y", "origin": [3, 0, 16]},
			"faces": {
				"north": {"uv": [6, 12, 9, 16], "texture": "#1", "cullface": "south"},
				"east": {"uv": [16, 12, 0, 16], "texture": "#0", "cullface": "west"},
				"south": {"uv": [9, 12, 12, 16], "texture": "#1", "cullface": "north"},
				"west": {"uv": [0, 12, 16, 16], "texture": "#0"},
				"up": {"uv": [0, 3, 16, 6], "rotation": 90, "texture": "#2"}
			}
		},
		{
			"from": [0, 14, 0],
			"to": [3, 16, 16],
			"rotation": {"angle": 0, "axis": "y", "origin": [3, 0, 16]},
			"faces": {
				"north": {"uv": [6, 0, 9, 2], "texture": "#1", "cullface": "south"},
				"east": {"uv": [16, 0, 0, 2], "texture": "#0", "cullface": "west"},
				"south": {"uv": [9, 0, 12, 2], "texture": "#1", "cullface": "north"},
				"west": {"uv": [0, 0, 16, 2], "texture": "#0"},
				"up": {"uv": [0, 0, 16, 3], "rotation": 90, "texture": "#3", "cullface": "up"},
				"down": {"uv": [16, 0, 0, 3], "rotation": 90, "texture": "#2"}
			}
		},
		{
			"from": [1, 1.5, 6.5],
			"to": [2, 16.5, 9.5],
			"rotation": {"angle": -45, "axis": "x", "origin": [1.5, 9, 8]},
			"faces": {
				"north": {"uv": [13, 15, 14, 0], "texture": "#2"},
				"east": {"uv": [16, 15, 13, 0], "texture": "#2"},
				"south": {"uv": [15, 15, 16, 0], "texture": "#2"},
				"west": {"uv": [13, 15, 16, 0], "texture": "#2"}
			}
		},
		{
			"from": [1, 7.5, 0.5],
			"to": [2, 10.5, 15.5],
			"rotation": {"angle": -45, "axis": "x", "origin": [1.5, 9, 8]},
			"faces": {
				"east": {"uv": [3, 0, 0, 15], "rotation": 90, "texture": "#2"},
				"west": {"uv": [3, 15, 0, 0], "rotation": 90, "texture": "#2"},
				"up": {"uv": [2, 15, 3, 0], "rotation": 180, "texture": "#2"},
				"down": {"uv": [0, 0, 1, 15], "rotation": 180, "texture": "#2"}
			}
		},
		{
			"from": [0, 4, 0],
			"to": [3, 14, 3],
			"rotation": {"angle": 0, "axis": "y", "origin": [3, 0, 16]},
			"faces": {
				"north": {"uv": [6, 2, 9, 12], "texture": "#1", "cullface": "south"},
				"east": {"uv": [3, 2, 0, 12], "texture": "#0", "cullface": "west"},
				"south": {"uv": [3, 16, 6, 6], "texture": "#1"},
				"west": {"uv": [0, 2, 3, 12], "texture": "#0"}
			}
		},
		{
			"from": [0, 4, 13],
			"to": [3, 14, 16],
			"rotation": {"angle": 0, "axis": "y", "origin": [3, 0, 16]},
			"faces": {
				"north": {"uv": [3, 16, 6, 6], "texture": "#1"},
				"east": {"uv": [16, 2, 13, 12], "texture": "#0", "cullface": "west"},
				"south": {"uv": [9, 2, 12, 12], "texture": "#1", "cullface": "north"},
				"west": {"uv": [13, 2, 16, 12], "texture": "#0"}
			}
		},
		{
			"from": [-0.9687, 0, 11],
			"to": [3.9688, 2, 13],
			"rotation": {"angle": 0, "axis": "y", "origin": [3, 0, 16]},
			"faces": {
				"north": {"uv": [13, 14, 11, 16], "texture": "#0"},
				"east": {"uv": [11, 14, 13, 16], "texture": "#0"},
				"south": {"uv": [13, 14, 11, 16], "texture": "#0"},
				"west": {"uv": [11, 14, 13, 16], "texture": "#0"},
				"up": {"uv": [5, 6, 3, 8], "rotation": 270, "texture": "#2"},
				"down": {"uv": [11, 15, 13, 16], "rotation": 180, "texture": "#0"}
			}
		}
	],
	"display": {}
}