{
	"credit": "Created by Mickey Joe Alpha - http://YouTube.com/@MushirMickeyJoe",
	"parent": "block/block",
	"ambientocclusion": false,
	"textures": {
		"2": "block/copper_trapdoor_ends",
		"3": "block/copper_bulb",
		"particle": "block/copper_trapdoor",
		"front": "block/copper_trapdoor",
		"side": "block/copper_door_ends"
	},
	"elements": [
		{
			"name": "Element",
			"from": [0, 0, 13],
			"to": [3, 16, 16],
			"rotation": {"angle": 0, "axis": "y", "origin": [16, 0, 0]},
			"faces": {
				"north": {"uv": [0, 16, 16, 13], "rotation": 90, "texture": "#front"},
				"east": {"uv": [0, 0, 16, 3], "rotation": 270, "texture": "#2"},
				"south": {"uv": [16, 16, 0, 13], "rotation": 270, "texture": "#front", "cullface": "south"},
				"west": {"uv": [0, 6, 16, 3], "rotation": 270, "texture": "#2", "cullface": "west"},
				"up": {"uv": [13, 0, 16, 3], "rotation": 180, "texture": "#2", "cullface": "up"},
				"down": {"uv": [0, 3, 3, 6], "texture": "#2", "cullface": "down"}
			}
		},
		{
			"name": "Element",
			"from": [13, 0, 13],
			"to": [16, 16, 16],
			"rotation": {"angle": 0, "axis": "y", "origin": [16, 0, 0]},
			"faces": {
				"north": {"uv": [0, 3, 16, 0], "rotation": 90, "texture": "#front"},
				"east": {"uv": [0, 0, 16, 3], "rotation": 270, "texture": "#2", "cullface": "east"},
				"south": {"uv": [16, 3, 0, 0], "rotation": 270, "texture": "#front", "cullface": "south"},
				"west": {"uv": [0, 6, 16, 3], "rotation": 270, "texture": "#side"},
				"up": {"uv": [0, 0, 3, 3], "rotation": 180, "texture": "#2", "cullface": "up"},
				"down": {"uv": [13, 3, 16, 6], "texture": "#2", "cullface": "down"}
			}
		},
		{
			"name": "Element",
			"from": [3, 0, 13],
			"to": [13, 3, 16],
			"rotation": {"angle": 0, "axis": "y", "origin": [16, 0, 0]},
			"faces": {
				"north": {"uv": [13, 13, 16, 3], "rotation": 90, "texture": "#front"},
				"south": {"uv": [16, 13, 13, 3], "rotation": 270, "texture": "#front", "cullface": "south"},
				"up": {"uv": [3, 3, 13, 6], "texture": "#side"},
				"down": {"uv": [3, 3, 13, 6], "texture": "#2", "cullface": "down"}
			}
		},
		{
			"name": "Element",
			"from": [3, 13, 13],
			"to": [13, 16, 16],
			"rotation": {"angle": 0, "axis": "y", "origin": [16, 0, 0]},
			"faces": {
				"north": {"uv": [0, 13, 3, 3], "rotation": 90, "texture": "#front"},
				"south": {"uv": [3, 13, 0, 3], "rotation": 270, "texture": "#front", "cullface": "south"},
				"up": {"uv": [3, 0, 13, 3], "rotation": 180, "texture": "#2", "cullface": "up"},
				"down": {"uv": [13, 6, 3, 3], "texture": "#side"}
			}
		},
		{
			"from": [9, 7, 14],
			"to": [16, 9, 15],
			"rotation": {"angle": -45, "axis": "z", "origin": [8, 8, 14.5]},
			"faces": {
				"north": {"uv": [7, 9, 9, 16], "rotation": 90, "texture": "#3"},
				"south": {"uv": [9, 9, 7, 16], "rotation": 270, "texture": "#3"},
				"west": {"uv": [9, 9, 7, 10], "rotation": 270, "texture": "#3"},
				"up": {"uv": [7, 9, 8, 16], "rotation": 270, "texture": "#3"},
				"down": {"uv": [8, 9, 9, 16], "rotation": 270, "texture": "#3"}
			}
		},
		{
			"from": [7, 0, 14],
			"to": [9, 7, 15],
			"rotation": {"angle": -45, "axis": "z", "origin": [8, 8, 14.5]},
			"faces": {
				"north": {"uv": [9, 7, 16, 9], "rotation": 90, "texture": "#3"},
				"east": {"uv": [16, 8, 9, 9], "rotation": 270, "texture": "#3"},
				"south": {"uv": [16, 7, 9, 9], "rotation": 270, "texture": "#3"},
				"west": {"uv": [16, 7, 9, 8], "rotation": 270, "texture": "#3"},
				"up": {"uv": [9, 7, 10, 9], "rotation": 270, "texture": "#3"}
			}
		},
		{
			"from": [7, 9, 14],
			"to": [9, 16, 15],
			"rotation": {"angle": -45, "axis": "z", "origin": [8, 8, 14.5]},
			"faces": {
				"north": {"uv": [0, 7, 7, 9], "rotation": 90, "texture": "#3"},
				"east": {"uv": [7, 8, 0, 9], "rotation": 270, "texture": "#3"},
				"south": {"uv": [7, 7, 0, 9], "rotation": 270, "texture": "#3"},
				"west": {"uv": [7, 7, 0, 8], "rotation": 270, "texture": "#3"},
				"down": {"uv": [6, 7, 7, 9], "rotation": 270, "texture": "#3"}
			}
		},
		{
			"from": [0, 7, 14],
			"to": [7, 9, 15],
			"rotation": {"angle": -45, "axis": "z", "origin": [8, 8, 14.5]},
			"faces": {
				"north": {"uv": [7, 0, 9, 7], "rotation": 90, "texture": "#3"},
				"east": {"uv": [7, 6, 9, 7], "rotation": 270, "texture": "#3"},
				"south": {"uv": [9, 0, 7, 7], "rotation": 270, "texture": "#3"},
				"up": {"uv": [7, 0, 8, 7], "rotation": 270, "texture": "#3"},
				"down": {"uv": [8, 0, 9, 7], "rotation": 270, "texture": "#3"}
			}
		}
	]
}