{
	"credit": "Created by Mickey Joe Alpha - http://YouTube.com/@MushirMickeyJoe",
	"parent": "block/block",
	"textures": {
		"bottom": "block/crafter_bottom",
		"top": "block/crafter_top",
		"particle": "block/crafter_north",
		"north": "block/crafter_north",
		"south": "block/crafter_south",
		"west": "block/crafter_west",
		"east": "block/crafter_east"
	},
	"elements": [
		{
			"from": [0, 0, 0],
			"to": [16, 16, 16],
			"faces": {
				"north": {"uv": [0, 0, 16, 16], "texture": "#north", "cullface": "north"},
				"east": {"uv": [0, 0, 16, 16], "texture": "#east", "cullface": "east"},
				"south": {"uv": [0, 0, 16, 16], "texture": "#south", "cullface": "south"},
				"west": {"uv": [0, 0, 16, 16], "texture": "#west", "cullface": "west"},
				"up": {"uv": [0, 16, 16, 0], "texture": "#top", "cullface": "up"},
				"down": {"uv": [0, 0, 16, 16], "texture": "#bottom", "cullface": "down"}
			}
		},
		{
			"from": [-2, 2, 4],
			"to": [0, 4, 6],
			"faces": {
				"north": {"uv": [3, 12, 5, 14], "texture": "#west"},
				"south": {"uv": [6, 12, 4, 14], "texture": "#west"},
				"west": {"uv": [4, 12, 6, 14], "texture": "#west", "cullface": "west"},
				"up": {"uv": [5, 12, 3, 14], "texture": "#west"},
				"down": {"uv": [4, 14, 6, 12], "rotation": 270, "texture": "#west"}
			}
		},
		{
			"from": [16, 2, 4],
			"to": [18, 4, 6],
			"faces": {
				"north": {"uv": [5, 12, 3, 14], "texture": "#west"},
				"east": {"uv": [6, 12, 4, 14], "texture": "#west", "cullface": "east"},
				"south": {"uv": [4, 12, 6, 14], "texture": "#west"},
				"up": {"uv": [3, 12, 5, 14], "texture": "#west"},
				"down": {"uv": [4, 12, 6, 14], "rotation": 270, "texture": "#west"}
			}
		}
	]
}