{
	"credit": "Created by Mickey Joe Alpha - http://YouTube.com/@MushirMickeyJoe",
	"parent": "block/block",
	"textures": {
		"particle": "block/sea_pickle",
		"all": "block/sea_pickle"
	},
	"elements": [ 	 
		{
			"__comment": "Element",
			"from": [ 2, 0, 2 ],
			"to": [ 6, 6, 6 ],
			"faces": {
				"down": { "uv": [ 8, 1, 12, 5 ], "texture": "#all", "cullface": "down" },
				"up": { "uv": [ 4, 1, 8, 5 ], "texture": "#all" },
				"north": { "uv": [ 4, 5, 8, 11 ], "texture": "#all" },
				"south": { "uv": [ 0, 5, 4, 11 ], "texture": "#all" },
				"west": { "uv": [ 8, 5, 12, 11 ], "texture": "#all" },
				"east": { "uv": [ 12, 5, 16, 11 ], "texture": "#all" }
			}
		},
		{
			"__comment": "Element",
			"from": [ 2, 5, 2 ],
			"to": [ 6, 5.001, 6 ],
			"faces": {
				"up": { "uv": [ 8, 1, 12, 5 ], "texture": "#all" }
			}
		},
		{
			"__comment": "Element",
			"from": [ 9, 0, 10 ],
			"to": [ 13, 4, 14 ],
			"faces": {
				"down": { "uv": [ 8, 1, 12, 5 ], "texture": "#all", "cullface": "down" },
				"up": { "uv": [ 4, 1, 8, 5 ], "texture": "#all" },
				"north": { "uv": [ 4, 5, 8, 9 ], "texture": "#all" },
				"south": { "uv": [ 0, 5, 4, 9 ], "texture": "#all" },
				"west": { "uv": [ 8, 5, 12, 9 ], "texture": "#all" },
				"east": { "uv": [ 12, 5, 16, 9 ], "texture": "#all" }
			}
		},
		{
			"__comment": "Element",
			"from": [ 9, 3, 10 ],
			"to": [ 13, 3.001, 14 ],
			"faces": {
				"up": { "uv": [ 8, 1, 12, 5 ], "texture": "#all" }
			}
		},
		{
			"__comment": "Element",
			"from": [ 9, 0, 2 ],
			"to": [ 13, 6, 6 ],
			"faces": {
				"down": { "uv": [ 8, 1, 12, 5 ], "texture": "#all", "cullface": "down" },
				"up": { "uv": [ 4, 1, 8, 5 ], "texture": "#all" },
				"north": { "uv": [ 4, 5, 8, 11 ], "texture": "#all" },
				"south": { "uv": [ 0, 5, 4, 11 ], "texture": "#all" },
				"west": { "uv": [ 8, 5, 12, 11 ], "texture": "#all" },
				"east": { "uv": [ 12, 5, 16, 11 ], "texture": "#all" }
			}
		},
		{
			"__comment": "Element",
			"from": [ 9, 5, 2 ],
			"to": [ 13, 5.001, 6 ],
			"faces": {
				"up": { "uv": [ 8, 1, 12, 5 ], "texture": "#all" }
			}
		},
		{
			"__comment": "Element",
			"from": [ 2, 0, 8 ],
			"to": [ 6, 7, 12 ],
			"faces": {
				"down": { "uv": [ 8, 1, 12, 5 ], "texture": "#all", "cullface": "down" },
				"up": { "uv": [ 4, 1, 8, 5 ], "texture": "#all" },
				"north": { "uv": [ 4, 5, 8, 12 ], "texture": "#all" },
				"south": { "uv": [ 0, 5, 4, 12 ], "texture": "#all" },
				"west": { "uv": [ 8, 5, 12, 12 ], "texture": "#all" },
				"east": { "uv": [ 12, 5, 16, 12 ], "texture": "#all" }
			}
		},
		{
			"__comment": "Element",
			"from": [ 2, 6, 8 ],
			"to": [ 6, 6.001, 12 ],
			"faces": {
				"up": { "uv": [ 8, 1, 12, 5 ], "texture": "#all" }
			}
		},
		{
			"__comment": "PlaneX17",
			"from": [ 5, 5, 3 ],
			"to": [ 5.001, 6, 5 ],
			"faces": {
				"west": { "uv": [ 7, 2, 8, 4 ], "texture": "#all", "rotation": 270 }
			}
		},
		{
			"__comment": "PlaneX18",
			"from": [ 3, 5, 3 ],
			"to": [ 3.001, 6, 5 ],
			"faces": {
				"east": { "uv": [ 4, 2, 5, 4 ], "texture": "#all", "rotation": 270 }
			}
		},
		{
			"__comment": "PlaneX19",
			"from": [ 12, 5, 3 ],
			"to": [ 12.001, 6, 5 ],
			"faces": {
				"west": { "uv": [ 7, 2, 8, 4 ], "texture": "#all", "rotation": 270 }
			}
		},
		{
			"__comment": "PlaneX20",
			"from": [ 10, 5, 3 ],
			"to": [ 10.001, 6, 5 ],
			"faces": {
				"east": { "uv": [ 4, 2, 5, 4 ], "texture": "#all", "rotation": 270 }
			}
		},
		{
			"__comment": "PlaneZ21",
			"from": [ 3, 5, 3 ],
			"to": [ 5, 6, 3.001 ],
			"faces": {
				"south": { "uv": [ 5, 1, 7, 2 ], "texture": "#all" }
			}
		},
		{
			"__comment": "PlaneZ22",
			"from": [ 3, 5, 5 ],
			"to": [ 5, 6, 5.001 ],
			"faces": {
				"north": { "uv": [ 7, 4, 5, 5 ], "texture": "#all" }
			}
		},
		{
			"__comment": "PlaneX23",
			"from": [ 3, 6, 9 ],
			"to": [ 3.001, 7, 11 ],
			"faces": {
				"east": { "uv": [ 4, 2, 5, 4 ], "texture": "#all", "rotation": 270 }
			}
		},
		{
			"__comment": "PlaneX24",
			"from": [ 5, 6, 9 ],
			"to": [ 5.001, 7, 11 ],
			"faces": {
				"west": { "uv": [ 7, 2, 8, 4 ], "texture": "#all", "rotation": 270 }
			}
		},
		{
			"__comment": "PlaneZ25",
			"from": [ 3, 6, 11 ],
			"to": [ 5, 7, 11.001 ],
			"faces": {
				"north": { "uv": [ 7, 4, 5, 5 ], "texture": "#all" }
			}
		},
		{
			"__comment": "PlaneZ27",
			"from": [ 3, 6, 9 ],
			"to": [ 5, 7, 9.001 ],
			"faces": {
				"south": { "uv": [ 5, 1, 7, 2 ], "texture": "#all" }
			}
		},
		{
			"__comment": "PlaneZ28",
			"from": [ 10, 5, 3 ],
			"to": [ 12, 6, 3.001 ],
			"faces": {
				"south": { "uv": [ 5, 1, 7, 2 ], "texture": "#all" }
			}
		},
		{
			"__comment": "PlaneZ29",
			"from": [ 10, 5, 5 ],
			"to": [ 12, 6, 5.001 ],
			"faces": {
				"north": { "uv": [ 7, 4, 5, 5 ], "texture": "#all" }
			}
		},
		{
			"__comment": "PlaneZ30",
			"from": [ 10, 3, 13 ],
			"to": [ 12, 4, 13.001 ],
			"faces": {
				"north": { "uv": [ 7, 4, 5, 5 ], "texture": "#all" }
			}
		},
		{
			"__comment": "PlaneZ32",
			"from": [ 10, 3, 11 ],
			"to": [ 12, 4, 11.001 ],
			"faces": {
				"south": { "uv": [ 5, 1, 7, 2 ], "texture": "#all" }
			}
		},
		{
			"__comment": "PlaneX33",
			"from": [ 10, 3, 11 ],
			"to": [ 10.001, 4, 13 ],
			"faces": {
				"east": { "uv": [ 4, 2, 5, 4 ], "texture": "#all", "rotation": 270 }
			}
		},
		{
			"__comment": "PlaneX34",
			"from": [ 12, 3, 11 ],
			"to": [ 12.001, 4, 13 ],
			"faces": {
				"west": { "uv": [ 7, 2, 8, 4 ], "texture": "#all", "rotation": 270 }
			}
		}
	]
}