{
	"credit": "Created by Mickey Joe Alpha - http://YouTube.com/@MushirMickeyJoe",
	"parent": "block/block",
	"textures": {
		"pivot": "block/grindstone_pivot",
		"round": "block/grindstone_round",
		"side": "block/grindstone_side",
		"particle": "block/grindstone_side",
		"leg": "block/dark_oak_log"
	},
	"elements": [ 	 
		{
			"__comment": "Element",
			"from": [ 12, 1, 6 ],
			"to": [ 14, 7, 10 ],
			"faces": {
				"north": { "uv": [ 2, 9, 4, 15 ], "texture": "#leg" },
				"south": { "uv": [ 12, 9, 14, 15 ], "texture": "#leg" },
				"west": { "uv": [ 6, 9, 10, 15 ], "texture": "#leg" },
				"east": { "uv": [ 10, 15, 6, 9 ], "texture": "#leg" }
			}
		},
		{
			"__comment": "Element",
			"from": [ 2, 1, 6 ],
			"to": [ 4, 7, 10 ],
			"faces": {
				"north": { "uv": [ 12, 9, 14, 15 ], "texture": "#leg" },
				"south": { "uv": [ 2, 9, 4, 15 ], "texture": "#leg" },
				"west": { "uv": [ 6, 9, 10, 15 ], "texture": "#leg" },
				"east": { "uv": [ 10, 15, 6, 9 ], "texture": "#leg" }
			}
		},
		{
			"__comment": "Element",
			"from": [ 12, 7, 5 ],
			"to": [ 14, 13, 11 ],
			"faces": {
				"down": { "uv": [ 8, 0, 10, 6 ], "texture": "#pivot" },
				"up": { "uv": [ 8, 0, 10, 6 ], "texture": "#pivot" },
				"north": { "uv": [ 8, 0, 6, 6 ], "texture": "#pivot" },
				"south": { "uv": [ 6, 0, 8, 6 ], "texture": "#pivot" },
				"east": { "uv": [ 0, 0, 6, 6 ], "texture": "#pivot" }
			}
		},
		{
			"__comment": "Element",
			"from": [ 2, 7, 5 ],
			"to": [ 4, 13, 11 ],
			"faces": {
				"down": { "uv": [ 8, 0, 10, 6 ], "texture": "#pivot" },
				"up": { "uv": [ 8, 0, 10, 6 ], "texture": "#pivot" },
				"north": { "uv": [ 6, 0, 8, 6 ], "texture": "#pivot" },
				"south": { "uv": [ 8, 0, 6, 6 ], "texture": "#pivot" },
				"west": { "uv": [ 6, 0, 0, 6 ], "texture": "#pivot" }
			}
		},
		{
			"__comment": "Element",
			"from": [ 4, 4, 2 ],
			"to": [ 12, 16, 14 ],
			"faces": {
				"down": { "uv": [ 0, 0, 8, 12 ], "texture": "#round" },
				"up": { "uv": [ 0, 0, 8, 12 ], "texture": "#round", "cullface": "up" },
				"north": { "uv": [ 0, 0, 8, 12 ], "texture": "#round" },
				"south": { "uv": [ 0, 0, 8, 12 ], "texture": "#round" },
				"west": { "uv": [ 0, 0, 12, 12 ], "texture": "#side" },
				"east": { "uv": [ 0, 0, 12, 12 ], "texture": "#side" }
			}
		},
		{
			"__comment": "Box7",
			"from": [ 1, 0, 3 ],
			"to": [ 15, 1, 13 ],
			"faces": {
				"down": { "uv": [ 14, 6, 0, 16 ], "texture": "#pivot" },
				"up": { "uv": [ 0, 6, 14, 16 ], "texture": "#pivot", "rotation": 180 },
				"north": { "uv": [ 0, 15, 14, 16 ], "texture": "#pivot" },
				"south": { "uv": [ 14, 6, 0, 7 ], "texture": "#pivot" },
				"west": { "uv": [ 13, 16, 14, 6 ], "texture": "#pivot", "rotation": 270 },
				"east": { "uv": [ 0, 6, 1, 16 ], "texture": "#pivot", "rotation": 270 }
			}
		}
	]
}