{
	"credit": "Created by Mickey Joe Alpha - http://YouTube.com/@MushirMickeyJoe",
	"textures": {
		"particle": "block/item_frame",
		"texture": "block/item_frame",
		"back": "block/item_frame_back"
	},
	"elements": [ 	 
		{
			"__comment": "Element",
			"from": [ 3, 3, 15.5 ],
			"to": [ 13, 13, 16 ],
			"faces": {
				"north": { "uv": [ 3, 3, 13, 13 ], "texture": "#texture" },
				"south": { "uv": [ 3, 3, 13, 13 ], "texture": "#back", "cullface": "south" }
			}
		},
		{
			"__comment": "Element",
			"from": [ 2, 2, 15 ],
			"to": [ 14, 3, 16 ],
			"faces": {
				"down": { "uv": [ 14, 13, 2, 14 ], "texture": "#texture" },
				"up": { "uv": [ 14, 13, 2, 14 ], "texture": "#texture" },
				"north": { "uv": [ 2, 13, 14, 14 ], "texture": "#texture" },
				"south": { "uv": [ 2, 13, 14, 14 ], "texture": "#back", "cullface": "south" },
				"west": { "uv": [ 13, 13, 14, 14 ], "texture": "#texture" },
				"east": { "uv": [ 2, 13, 3, 14 ], "texture": "#texture" }
			}
		},
		{
			"__comment": "Element",
			"from": [ 2, 13, 15 ],
			"to": [ 14, 14, 16 ],
			"faces": {
				"down": { "uv": [ 14, 2, 2, 3 ], "texture": "#texture" },
				"up": { "uv": [ 14, 2, 2, 3 ], "texture": "#texture" },
				"north": { "uv": [ 2, 2, 14, 3 ], "texture": "#texture" },
				"south": { "uv": [ 2, 2, 14, 3 ], "texture": "#back", "cullface": "south" },
				"west": { "uv": [ 13, 2, 14, 3 ], "texture": "#texture" },
				"east": { "uv": [ 2, 2, 3, 3 ], "texture": "#texture" }
			}
		},
		{
			"__comment": "Element",
			"from": [ 2, 3, 15 ],
			"to": [ 3, 13, 16 ],
			"faces": {
				"north": { "uv": [ 13, 3, 14, 13 ], "texture": "#texture" },
				"south": { "uv": [ 13, 3, 14, 13 ], "texture": "#back", "cullface": "south" },
				"west": { "uv": [ 13, 3, 14, 13 ], "texture": "#texture" },
				"east": { "uv": [ 13, 3, 14, 13 ], "texture": "#texture" }
			}
		},
		{
			"__comment": "Element",
			"from": [ 13, 3, 15 ],
			"to": [ 14, 13, 16 ],
			"faces": {
				"north": { "uv": [ 2, 3, 3, 13 ], "texture": "#texture" },
				"south": { "uv": [ 2, 3, 3, 13 ], "texture": "#back", "cullface": "south" },
				"west": { "uv": [ 2, 3, 3, 13 ], "texture": "#texture" },
				"east": { "uv": [ 2, 3, 3, 13 ], "texture": "#texture" }
			}
		}
	]
}