{
	"credit": "Created by Mickey Joe Alpha - http://YouTube.com/@MushirMickeyJoe",
    "multipart": [
        {   "apply": { "model": "block/acacia_fence_ends" }
		},
        {   "when": { "north": "false" },
            "apply": { "model": "block/acacia_fence_post" }
        },
        {   "when": { "east": "false" },
            "apply": { "model": "block/acacia_fence_post", "y": 90 }
        },
        {   "when": { "south": "false" },
            "apply": { "model": "block/acacia_fence_post", "y": 180 }
        },
        {   "when": { "west": "false" },
            "apply": { "model": "block/acacia_fence_post", "y": 270 }
        },
        {   "when": { "north": "true" },
            "apply": { "model": "block/acacia_fence_rails" }
        },
        {   "when": { "east": "true" },
            "apply": { "model": "block/acacia_fence_rails", "y": 90 }
        },
        {   "when": { "south": "true" },
            "apply": { "model": "block/acacia_fence_rails", "y": 180 }
        },
        {   "when": { "west": "true" },
            "apply": { "model": "block/acacia_fence_rails", "y": 270 }
        }
    ]
}