{
	"credit": "Created by Mickey Joe Alpha - http://YouTube.com/@MushirMickeyJoe",
    "variants": {
        "age=0": [
            { "model": "block/carrots_age_0" },
            { "model": "block/carrots_age_0", "y": 90 },
            { "model": "block/carrots_age_0", "y": 180 },
            { "model": "block/carrots_age_0", "y": 270 }
        ],
        "age=1": [
            { "model": "block/carrots_age_1" },
            { "model": "block/carrots_age_1", "y": 90 },
            { "model": "block/carrots_age_1", "y": 180 },
            { "model": "block/carrots_age_1", "y": 270 }
        ],
        "age=2": [
            { "model": "block/carrots_age_2" },
            { "model": "block/carrots_age_2", "y": 90 },
            { "model": "block/carrots_age_2", "y": 180 },
            { "model": "block/carrots_age_2", "y": 270 }
        ],
        "age=3": [
            { "model": "block/carrots_age_3" },
            { "model": "block/carrots_age_3", "y": 90 },
            { "model": "block/carrots_age_3", "y": 180 },
            { "model": "block/carrots_age_3", "y": 270 }
        ],
        "age=4": [
            { "model": "block/carrots_age_4" },
            { "model": "block/carrots_age_4", "y": 90 },
            { "model": "block/carrots_age_4", "y": 180 },
            { "model": "block/carrots_age_4", "y": 270 }
        ],
        "age=5": [
            { "model": "block/carrots_age_5" },
            { "model": "block/carrots_age_5", "y": 90 },
            { "model": "block/carrots_age_5", "y": 180 },
            { "model": "block/carrots_age_5", "y": 270 }
        ],
        "age=6": [
            { "model": "block/carrots_age_6" },
            { "model": "block/carrots_age_6", "y": 90 },
            { "model": "block/carrots_age_6", "y": 180 },
            { "model": "block/carrots_age_6", "y": 270 }
        ],
        "age=7": [
            { "model": "block/carrots_age_7" },
            { "model": "block/carrots_age_7", "y": 90 },
            { "model": "block/carrots_age_7", "y": 180 },
            { "model": "block/carrots_age_7", "y": 270 }
        ]
    }
}