{
	"credit": "Created by Mickey Joe Alpha - http://YouTube.com/@MushirMickeyJoe",
    "variants": {
    "facing=east,half=bottom,shape=inner_left": [
            { "model": "minecraft:block/cobblestone_stairs_inner", "y": 270, "uvlock": true, "weight": 2 },
            { "model": "minecraft:block/cobblestone_stairs_inner_1", "y": 270, "uvlock": true, "weight": 1 }
        ],
    "facing=east,half=bottom,shape=inner_right": [
            { "model": "minecraft:block/cobblestone_stairs_inner", "weight": 2 },
			{ "model": "minecraft:block/cobblestone_stairs_inner_1", "weight": 1 }
        ],
    "facing=east,half=bottom,shape=outer_left": [
            { "model": "minecraft:block/cobblestone_stairs_outer", "y": 270, "uvlock": true, "weight": 2 },
            { "model": "minecraft:block/cobblestone_stairs_outer_1", "y": 270, "uvlock": true, "weight": 1 }
        ],
    "facing=east,half=bottom,shape=outer_right": [
            { "model": "minecraft:block/cobblestone_stairs_outer", "weight": 2 },
			{ "model": "minecraft:block/cobblestone_stairs_outer_1", "weight": 1 }
        ],
    "facing=east,half=bottom,shape=straight": [
            { "model": "minecraft:block/cobblestone_stairs", "weight": 2 },
			{ "model": "minecraft:block/cobblestone_stairs_1", "weight": 1 }
        ],
    "facing=east,half=top,shape=inner_left": [
            { "model": "minecraft:block/cobblestone_stairs_inner", "x": 180, "uvlock": true, "weight": 2 },
			{ "model": "minecraft:block/cobblestone_stairs_inner_1", "x": 180, "uvlock": true, "weight": 1 }
        ],
    "facing=east,half=top,shape=inner_right": [
            { "model": "minecraft:block/cobblestone_stairs_inner", "y": 90, "x": 180, "uvlock": true, "weight": 2 },
			{ "model": "minecraft:block/cobblestone_stairs_inner_1", "y": 90, "x": 180, "uvlock": true, "weight": 1 }
        ],
    "facing=east,half=top,shape=outer_left": [
            { "model": "minecraft:block/cobblestone_stairs_outer", "x": 180, "uvlock": true, "weight": 2 },
			{ "model": "minecraft:block/cobblestone_stairs_outer_1", "x": 180, "uvlock": true, "weight": 1 }
        ],
    "facing=east,half=top,shape=outer_right": [
            { "model": "minecraft:block/cobblestone_stairs_outer", "y": 90, "x": 180, "uvlock": true, "weight": 2 },
            { "model": "minecraft:block/cobblestone_stairs_outer_1", "y": 90, "x": 180, "uvlock": true, "weight": 1 }
        ],
    "facing=east,half=top,shape=straight": [
            { "model": "minecraft:block/cobblestone_stairs", "x": 180, "uvlock": true, "weight": 2 },
			{ "model": "minecraft:block/cobblestone_stairs_1", "x": 180, "uvlock": true, "weight": 1 }
        ],
    "facing=north,half=bottom,shape=inner_left": [
            { "model": "minecraft:block/cobblestone_stairs_inner", "y": 180, "uvlock": true, "weight": 2 },
			{ "model": "minecraft:block/cobblestone_stairs_inner_1", "y": 180, "uvlock": true }
        ],
    "facing=north,half=bottom,shape=inner_right": [
            { "model": "minecraft:block/cobblestone_stairs_inner", "y": 270, "uvlock": true, "weight": 2 },
			{ "model": "minecraft:block/cobblestone_stairs_inner_1", "y": 270, "uvlock": true, "weight": 1 }
        ],
    "facing=north,half=bottom,shape=outer_left": [
            { "model": "minecraft:block/cobblestone_stairs_outer", "y": 180, "uvlock": true, "weight": 2 },
			{ "model": "minecraft:block/cobblestone_stairs_outer_1", "y": 180, "uvlock": true, "weight": 1 }
        ],
    "facing=north,half=bottom,shape=outer_right": [
            { "model": "minecraft:block/cobblestone_stairs_outer", "y": 270, "uvlock": true, "weight": 2 },
			{ "model": "minecraft:block/cobblestone_stairs_outer_1", "y": 270, "uvlock": true, "weight": 1 }
        ],
    "facing=north,half=bottom,shape=straight": [
            { "model": "minecraft:block/cobblestone_stairs", "y": 270, "uvlock": true, "weight": 2 },
			{ "model": "minecraft:block/cobblestone_stairs_1", "y": 270, "uvlock": true, "weight": 1 }
        ],
    "facing=north,half=top,shape=inner_left": [
            { "model": "minecraft:block/cobblestone_stairs_inner", "y": 270, "x": 180, "uvlock": true, "weight": 2 },
			{ "model": "minecraft:block/cobblestone_stairs_inner_1", "y": 270, "x": 180, "uvlock": true, "weight": 1 }
        ],
    "facing=north,half=top,shape=inner_right": [
            { "model": "minecraft:block/cobblestone_stairs_inner", "x": 180, "uvlock": true, "weight": 2 },
			{ "model": "minecraft:block/cobblestone_stairs_inner_1", "x": 180, "uvlock": true, "weight": 1 }
        ],
    "facing=north,half=top,shape=outer_left": [
            { "model": "minecraft:block/cobblestone_stairs_outer", "y": 270, "x": 180, "uvlock": true, "weight": 2 },
			{ "model": "minecraft:block/cobblestone_stairs_outer_1", "y": 270, "x": 180, "uvlock": true, "weight": 1 }
        ],
    "facing=north,half=top,shape=outer_right": [
            { "model": "minecraft:block/cobblestone_stairs_outer", "x": 180, "uvlock": true, "weight": 2 },
			{ "model": "minecraft:block/cobblestone_stairs_outer_1", "x": 180, "uvlock": true, "weight": 1 }
        ],
    "facing=north,half=top,shape=straight": [
            { "model": "minecraft:block/cobblestone_stairs", "y": 270, "x": 180, "uvlock": true, "weight": 2 },
			{ "model": "minecraft:block/cobblestone_stairs_1", "y": 270, "x": 180, "uvlock": true, "weight": 1 }
        ],
    "facing=south,half=bottom,shape=inner_left": [
            { "model": "minecraft:block/cobblestone_stairs_inner", "weight": 2 },
			{ "model": "minecraft:block/cobblestone_stairs_inner_1", "weight": 1 }
        ],
    "facing=south,half=bottom,shape=inner_right": [
            { "model": "minecraft:block/cobblestone_stairs_inner", "y": 90, "uvlock": true, "weight": 2 },
			{ "model": "minecraft:block/cobblestone_stairs_inner_1", "y": 90, "uvlock": true, "weight": 1 }
        ],
    "facing=south,half=bottom,shape=outer_left": [
            { "model": "minecraft:block/cobblestone_stairs_outer", "weight": 2 },
			{ "model": "minecraft:block/cobblestone_stairs_outer_1", "weight": 1 }
        ],
    "facing=south,half=bottom,shape=outer_right": [
            { "model": "minecraft:block/cobblestone_stairs_outer", "y": 90, "uvlock": true, "weight": 2 },
			{ "model": "minecraft:block/cobblestone_stairs_outer_1", "y": 90, "uvlock": true, "weight": 1 }
        ],
    "facing=south,half=bottom,shape=straight": [
            { "model": "minecraft:block/cobblestone_stairs", "y": 90, "uvlock": true, "weight": 2 },
			{ "model": "minecraft:block/cobblestone_stairs_1", "y": 90, "uvlock": true, "weight": 1 }
        ],
    "facing=south,half=top,shape=inner_left": [
            { "model": "minecraft:block/cobblestone_stairs_inner" , "y": 90, "x": 180, "uvlock": true, "weight": 2 },
			{ "model": "minecraft:block/cobblestone_stairs_inner_1" , "y": 90, "x": 180, "uvlock": true, "weight": 1 }
        ],
    "facing=south,half=top,shape=inner_right": [
            { "model": "minecraft:block/cobblestone_stairs_inner", "y": 180, "x": 180, "uvlock": true, "weight": 2 },
			{ "model": "minecraft:block/cobblestone_stairs_inner_1", "y": 180, "x": 180, "uvlock": true, "weight": 1 }
        ],
    "facing=south,half=top,shape=outer_left": [
            { "model": "minecraft:block/cobblestone_stairs_outer", "y": 90, "x": 180, "uvlock": true, "weight": 2 },
			{ "model": "minecraft:block/cobblestone_stairs_outer_1", "y": 90, "x": 180, "uvlock": true, "weight": 1 }
        ],
    "facing=south,half=top,shape=outer_right": [
            { "model": "minecraft:block/cobblestone_stairs_outer", "y": 180, "x": 180, "uvlock": true, "weight": 2 },
			{ "model": "minecraft:block/cobblestone_stairs_outer_1", "y": 180, "x": 180, "uvlock": true, "weight": 1 }
        ],
    "facing=south,half=top,shape=straight": [
            { "model": "minecraft:block/cobblestone_stairs", "y": 90, "x": 180, "uvlock": true, "weight": 2 },
			{ "model": "minecraft:block/cobblestone_stairs_1", "y": 90, "x": 180, "uvlock": true, "weight": 1 }
        ],
    "facing=west,half=bottom,shape=inner_left": [
            { "model": "minecraft:block/cobblestone_stairs_inner", "y": 90, "uvlock": true, "weight": 2 },
			{ "model": "minecraft:block/cobblestone_stairs_inner_1", "y": 90, "uvlock": true, "weight": 1 }
        ],
    "facing=west,half=bottom,shape=inner_right": [
            { "model": "minecraft:block/cobblestone_stairs_inner", "y": 180, "uvlock": true, "weight": 2 },
            { "model": "minecraft:block/cobblestone_stairs_inner_1", "y": 180, "uvlock": true, "weight": 1 }
        ],
    "facing=west,half=bottom,shape=outer_left": [
            { "model": "minecraft:block/cobblestone_stairs_outer", "y": 90, "uvlock": true, "weight": 2 },
            { "model": "minecraft:block/cobblestone_stairs_outer_1", "y": 90, "uvlock": true, "weight": 1 }
        ],
    "facing=west,half=bottom,shape=outer_right": [
            { "model": "minecraft:block/cobblestone_stairs_outer", "y": 180, "uvlock": true, "weight": 2 },
            { "model": "minecraft:block/cobblestone_stairs_outer_1", "y": 180, "uvlock": true, "weight": 1 }
        ],
    "facing=west,half=bottom,shape=straight": [
            { "model": "minecraft:block/cobblestone_stairs", "y": 180, "uvlock": true, "weight": 2 },
            { "model": "minecraft:block/cobblestone_stairs_1", "y": 180, "uvlock": true, "weight": 1 }
        ],
    "facing=west,half=top,shape=inner_left": [
            { "model": "minecraft:block/cobblestone_stairs_inner", "y": 180, "x": 180, "uvlock": true, "weight": 2 },
			{ "model": "minecraft:block/cobblestone_stairs_inner_1", "y": 180, "x": 180, "uvlock": true, "weight": 1 }
        ],
    "facing=west,half=top,shape=inner_right": [
            { "model": "minecraft:block/cobblestone_stairs_inner", "y": 270, "x": 180, "uvlock": true, "weight": 2 },
			{ "model": "minecraft:block/cobblestone_stairs_inner_1", "y": 270, "x": 180, "uvlock": true, "weight": 1 }
        ],
    "facing=west,half=top,shape=outer_left": [
            { "model": "minecraft:block/cobblestone_stairs_outer", "y": 180, "x": 180, "uvlock": true, "weight": 2 },
			{ "model": "minecraft:block/cobblestone_stairs_outer_1", "y": 180, "x": 180, "uvlock": true, "weight": 1 }
        ],
    "facing=west,half=top,shape=outer_right": [
            { "model": "minecraft:block/cobblestone_stairs_outer", "y": 270, "x": 180, "uvlock": true, "weight": 2 },
            { "model": "minecraft:block/cobblestone_stairs_outer_1", "y": 270, "x": 180, "uvlock": true, "weight": 1 }
        ],
    "facing=west,half=top,shape=straight": [
            { "model": "minecraft:block/cobblestone_stairs", "y": 180, "x": 180, "uvlock": true, "weight": 2 },
			{ "model": "minecraft:block/cobblestone_stairs_1", "y": 180, "x": 180, "uvlock": true, "weight": 1 }
        ]
    }
}