{
	"credit": "Created by Mickey Joe Alpha - http://YouTube.com/@MushirMickeyJoe",
  "variants": {
        "type=bottom": [
            { "model": "minecraft:block/cobblestone_slab", "weight": 2 },
            { "model": "minecraft:block/cobblestone_slab_1", "weight": 1 }
        ],
        "type=double": [
            { "model": "minecraft:block/cobblestone", "weight": 2 },
            { "model": "minecraft:block/cobblestone_1", "weight": 1 }
        ],
        "type=top": [
            { "model": "minecraft:block/cobblestone_slab_top", "weight": 2 },
            { "model": "minecraft:block/cobblestone_slab_top_1", "weight": 1 }
        ]
    }
}