{
	"credit": "Created by Mickey Joe Alpha - http://YouTube.com/@MushirMickeyJoe",
    "multipart": [
        {   "apply": { "model": "block/pumpkin" }
		},
        {   "apply": [
		    { "model": "block/pumpkin_top" },
            { "model": "block/pumpkin_top", "y": 90 },
            { "model": "block/pumpkin_top", "y": 180 },
            { "model": "block/pumpkin_top", "y": 270 }
			]
        },
        {   "apply": [
		    { "model": "block/pumpkin_bottom" },
            { "model": "block/pumpkin_bottom", "y": 90 },
            { "model": "block/pumpkin_bottom", "y": 180 },
            { "model": "block/pumpkin_bottom", "y": 270 }
			]
        }
    ]
}