{
  "credit": "Created by Mickey Joe Alpha - http://YouTube.com/@MushirMickeyJoe",
  "variants": {
    "attached=false,facing=east,powered=false": {
      "model": "minecraft:block/tripwire_hook",
      "y": 90
    },
    "attached=false,facing=east,powered=true": {
      "model": "minecraft:block/tripwire_hook_on",
      "y": 90
    },
    "attached=false,facing=north,powered=false": {
      "model": "minecraft:block/tripwire_hook"
    },
    "attached=false,facing=north,powered=true": {
      "model": "minecraft:block/tripwire_hook_on"
    },
    "attached=false,facing=south,powered=false": {
      "model": "minecraft:block/tripwire_hook",
      "y": 180
    },
    "attached=false,facing=south,powered=true": {
      "model": "minecraft:block/tripwire_hook_on",
      "y": 180
    },
    "attached=false,facing=west,powered=false": {
      "model": "minecraft:block/tripwire_hook",
      "y": 270
    },
    "attached=false,facing=west,powered=true": {
      "model": "minecraft:block/tripwire_hook_on",
      "y": 270
    },
    "attached=true,facing=east,powered=false": {
      "model": "minecraft:block/tripwire_hook_attached",
      "y": 90
    },
    "attached=true,facing=east,powered=true": {
      "model": "minecraft:block/tripwire_hook_attached_on",
      "y": 90
    },
    "attached=true,facing=north,powered=false": {
      "model": "minecraft:block/tripwire_hook_attached"
    },
    "attached=true,facing=north,powered=true": {
      "model": "minecraft:block/tripwire_hook_attached_on"
    },
    "attached=true,facing=south,powered=false": {
      "model": "minecraft:block/tripwire_hook_attached_sw",
      "y": 180
    },
    "attached=true,facing=south,powered=true": {
      "model": "minecraft:block/tripwire_hook_attached_on_sw",
      "y": 180
    },
    "attached=true,facing=west,powered=false": {
      "model": "minecraft:block/tripwire_hook_attached_sw",
      "y": 270
    },
    "attached=true,facing=west,powered=true": {
      "model": "minecraft:block/tripwire_hook_attached_on_sw",
      "y": 270
    }
  }
}