{
	"credit": "Made with Blockbench",
	"texture_size": [64, 32],
	"textures": {
		"2": "block/acacia/acacia_doors/acacia_door",
		"particle": "block/acacia_door_top"
	},
	"elements": [
		{
			"from": [0, 0, 13],
			"to": [3, 16, 16],
			"faces": {
				"north": {"uv": [0, 9, 4, 10.5], "rotation": 90, "texture": "#2"},
				"east": {"uv": [6.5, 8, 7.25, 16], "texture": "#2"},
				"south": {"uv": [15.25, 8, 16, 16], "texture": "#2", "cullface": "south"},
				"west": {"uv": [14.5, 8, 15.25, 16], "texture": "#2", "cullface": "west"}
			}
		},
		{
			"from": [0, 3, 5],
			"to": [3, 15, 7],
			"faces": {
				"north": {"uv": [0.75, 9, 3.75, 10.5], "rotation": 90, "texture": "#2"},
				"east": {"uv": [8.75, 8.5, 9.25, 14.5], "texture": "#2"},
				"south": {"uv": [0.75, 9, 3.75, 10.5], "rotation": 90, "texture": "#2"},
				"west": {"uv": [12.5, 8.5, 13, 14.5], "texture": "#2", "cullface": "west"}
			}
		},
		{
			"from": [0, 0, 0],
			"to": [3, 3, 16],
			"faces": {
				"east": {"uv": [6.5, 14.5, 10.5, 16], "texture": "#2"},
				"west": {"uv": [11.25, 14.5, 15.25, 16], "texture": "#2", "cullface": "west"},
				"up": {"uv": [0, 9, 4, 10.5], "rotation": 90, "texture": "#2"},
				"down": {"uv": [0, 10.5, 4, 12], "rotation": 270, "texture": "#2", "cullface": "down"}
			}
		},
		{
			"from": [0, 15, 3],
			"to": [3, 16, 13],
			"faces": {
				"east": {"uv": [7.25, 8, 9.75, 8.5], "texture": "#2"},
				"west": {"uv": [12, 8, 14.5, 8.5], "texture": "#2", "cullface": "west"},
				"down": {"uv": [0.75, 9, 3.25, 10.5], "rotation": 270, "texture": "#2"}
			}
		},
		{
			"from": [0, 3, 9],
			"to": [3, 15, 11],
			"faces": {
				"north": {"uv": [0.75, 9, 3.75, 10.5], "rotation": 90, "texture": "#2"},
				"east": {"uv": [7.75, 8.5, 8.25, 14.5], "texture": "#2"},
				"south": {"uv": [0.75, 9, 3.75, 10.5], "rotation": 90, "texture": "#2"},
				"west": {"uv": [13.5, 8.5, 14, 14.5], "texture": "#2", "cullface": "west"}
			}
		},
		{
			"from": [0, 0, 0],
			"to": [3, 16, 3],
			"faces": {
				"north": {"uv": [10.5, 8, 11.25, 16], "texture": "#2", "cullface": "north"},
				"east": {"uv": [9.75, 8, 10.5, 16], "texture": "#2"},
				"south": {"uv": [0, 9, 4, 10.5], "rotation": 90, "texture": "#2"},
				"west": {"uv": [11.25, 8, 12, 16], "texture": "#2", "cullface": "west"}
			}
		}
	]
}